PST,Temp_degC,HOBO_Lux
2020-03-02T14:35:00Z,17.11,970
2020-03-02T14:36:00Z,17.11,963
2020-03-02T14:37:00Z,17.16,972
2020-03-02T14:38:00Z,17.11,971
2020-03-02T14:39:00Z,17.11,969
2020-03-02T14:40:00Z,17.11,1529
2020-03-02T14:41:00Z,17.11,1528
2020-03-02T14:42:00Z,17.07,1529
2020-03-02T14:43:00Z,17.11,1532
2020-03-02T14:44:00Z,17.11,1532
2020-03-02T14:45:00Z,17.11,1539
2020-03-02T14:46:00Z,17.16,1532
2020-03-02T14:47:00Z,17.11,1536
2020-03-02T14:48:00Z,17.11,1535
2020-03-02T14:49:00Z,17.11,1536
2020-03-02T14:50:00Z,17.11,1851
2020-03-02T14:51:00Z,17.11,1855
2020-03-02T14:52:00Z,17.07,1850
2020-03-02T14:53:00Z,17.11,1850
2020-03-02T14:54:00Z,17.07,1857
2020-03-02T14:55:00Z,17.07,1848
2020-03-02T14:56:00Z,17.03,1862
2020-03-02T14:57:00Z,17.07,1853
2020-03-02T14:58:00Z,17.11,1846
2020-03-02T14:59:00Z,17.11,1858
2020-03-02T15:00:00Z,17.16,1855
2020-03-02T15:01:00Z,17.11,1858
2020-03-02T15:02:00Z,17.11,1839
2020-03-02T15:03:00Z,17.16,1858
2020-03-02T15:04:00Z,17.16,1851
2020-03-02T15:05:00Z,17.11,1851
2020-03-02T15:06:00Z,17.07,1846
2020-03-02T15:07:00Z,17.07,1846
2020-03-02T15:08:00Z,17.07,1857
2020-03-02T15:09:00Z,17.07,1858
2020-03-02T15:10:00Z,17.11,1857
2020-03-02T15:11:00Z,17.16,2419
2020-03-02T15:12:00Z,17.16,2358
2020-03-02T15:13:00Z,17.16,2399
2020-03-02T15:14:00Z,17.16,2399
2020-03-02T15:15:00Z,17.11,2408
2020-03-02T15:16:00Z,17.16,2420
2020-03-02T15:17:00Z,17.16,2410
2020-03-02T15:18:00Z,17.11,2415
2020-03-02T15:19:00Z,17.16,2470
2020-03-02T15:20:00Z,17.16,2403
2020-03-02T15:21:00Z,17.11,2422
2020-03-02T15:22:00Z,17.11,2399
2020-03-02T15:23:00Z,17.11,2436
2020-03-02T15:24:00Z,17.11,3240
2020-03-02T15:25:00Z,17.16,3287
2020-03-02T15:26:00Z,17.16,3220
2020-03-02T15:27:00Z,17.16,3210
2020-03-02T15:28:00Z,17.2,3241
2020-03-02T15:29:00Z,17.16,3226
2020-03-02T15:30:00Z,17.16,3231
2020-03-02T15:31:00Z,17.2,3570
2020-03-02T15:32:00Z,17.2,3566
2020-03-02T15:33:00Z,17.11,3546
2020-03-02T15:34:00Z,17.16,3560
2020-03-02T15:35:00Z,17.16,3570
2020-03-02T15:36:00Z,17.11,3560
2020-03-02T15:37:00Z,17.16,3560
2020-03-02T15:38:00Z,17.16,3553
2020-03-02T15:39:00Z,17.2,3539
2020-03-02T15:40:00Z,17.2,3539
2020-03-02T15:41:00Z,17.2,3560
2020-03-02T15:42:00Z,17.2,3928
2020-03-02T15:43:00Z,17.2,3936
2020-03-02T15:44:00Z,17.2,3918
2020-03-02T15:45:00Z,17.16,3918
2020-03-02T15:46:00Z,17.2,3922
2020-03-02T15:47:00Z,17.2,3942
2020-03-02T15:48:00Z,17.2,3942
2020-03-02T15:49:00Z,17.2,3928
2020-03-02T15:50:00Z,17.2,4730
2020-03-02T15:51:00Z,17.2,4760
2020-03-02T15:52:00Z,17.2,4694
2020-03-02T15:53:00Z,17.16,4736
2020-03-02T15:54:00Z,17.16,4740
2020-03-02T15:55:00Z,17.2,4736
2020-03-02T15:56:00Z,17.24,4730
2020-03-02T15:57:00Z,17.2,4746
2020-03-02T15:58:00Z,17.2,4781
2020-03-02T15:59:00Z,17.2,4684
2020-03-02T16:00:00Z,17.2,4740
2020-03-02T16:01:00Z,17.2,4730
2020-03-02T16:02:00Z,17.16,4726
2020-03-02T16:03:00Z,17.2,4764
2020-03-02T16:04:00Z,17.2,4730
2020-03-02T16:05:00Z,17.16,4691
2020-03-02T16:06:00Z,17.2,4740
2020-03-02T16:07:00Z,17.2,4740
2020-03-02T16:08:00Z,17.24,4722
2020-03-02T16:09:00Z,17.24,4736
2020-03-02T16:10:00Z,17.24,5427
2020-03-02T16:11:00Z,17.24,5414
2020-03-02T16:12:00Z,17.24,5463
2020-03-02T16:13:00Z,17.2,5494
2020-03-02T16:14:00Z,17.24,5486
2020-03-02T16:15:00Z,17.24,5453
2020-03-02T16:16:00Z,17.24,5471
2020-03-02T16:17:00Z,17.24,5501
2020-03-02T16:18:00Z,17.2,5471
2020-03-02T16:19:00Z,17.2,5445
2020-03-02T16:20:00Z,17.2,5496
2020-03-02T16:21:00Z,17.2,5496
2020-03-02T16:22:00Z,17.2,5473
2020-03-02T16:23:00Z,17.2,5473
2020-03-02T16:24:00Z,17.29,5463
2020-03-02T16:25:00Z,17.24,5484
2020-03-02T16:26:00Z,17.24,5453
2020-03-02T16:27:00Z,17.24,5437
2020-03-02T16:28:00Z,17.2,5504
2020-03-02T16:29:00Z,17.2,5588
2020-03-02T16:30:00Z,17.24,5494
2020-03-02T16:31:00Z,17.24,5501
2020-03-02T16:32:00Z,17.16,3876
2020-03-02T16:33:00Z,17.16,3855
2020-03-02T16:34:00Z,17.16,3873
2020-03-02T16:35:00Z,17.2,3908
2020-03-02T16:36:00Z,17.2,3914
2020-03-02T16:37:00Z,17.2,3869
2020-03-02T16:38:00Z,17.2,3884
2020-03-02T16:39:00Z,17.2,3859
2020-03-02T16:40:00Z,17.2,3890
2020-03-02T16:41:00Z,17.2,3855
2020-03-02T16:42:00Z,17.2,3887
2020-03-02T16:43:00Z,17.16,4412
2020-03-02T16:44:00Z,17.2,4420
2020-03-02T16:45:00Z,17.2,4388
2020-03-02T16:46:00Z,17.16,4412
2020-03-02T16:47:00Z,17.16,4412
2020-03-02T16:48:00Z,17.2,4420
2020-03-02T16:49:00Z,17.16,4392
2020-03-02T16:50:00Z,17.16,4402
2020-03-02T16:51:00Z,17.24,4420
2020-03-02T16:52:00Z,17.2,4408
2020-03-02T16:53:00Z,17.16,4420
2020-03-02T16:54:00Z,17.2,4388
2020-03-02T16:55:00Z,17.2,4388
2020-03-02T16:56:00Z,17.24,4426
2020-03-02T16:57:00Z,17.2,4398
2020-03-02T16:58:00Z,17.2,4396
2020-03-02T16:59:00Z,17.2,4440
2020-03-02T17:00:00Z,17.2,4457
2020-03-02T17:01:00Z,17.16,3590
2020-03-02T17:02:00Z,17.11,3580
2020-03-02T17:03:00Z,17.11,3517
2020-03-02T17:04:00Z,17.11,3434
2020-03-02T17:05:00Z,17.2,3443
2020-03-02T17:06:00Z,17.16,3471
2020-03-02T17:07:00Z,17.2,3476
2020-03-02T17:08:00Z,17.11,3483
2020-03-02T17:09:00Z,17.16,3487
2020-03-02T17:10:00Z,17.2,3479
2020-03-02T17:11:00Z,17.2,3488
2020-03-02T17:12:00Z,17.16,3493
2020-03-02T17:13:00Z,17.2,3476
2020-03-02T17:14:00Z,17.2,3521
2020-03-02T17:15:00Z,17.16,3450
2020-03-02T17:16:00Z,17.11,3430
2020-03-02T17:17:00Z,17.2,3487
2020-03-02T17:18:00Z,17.16,3439
2020-03-02T17:19:00Z,17.16,3485
2020-03-02T17:20:00Z,17.16,3483
2020-03-02T17:21:00Z,17.2,3507
2020-03-02T17:22:00Z,17.2,3483
2020-03-02T17:23:00Z,17.16,3483
2020-03-02T17:24:00Z,17.16,3479
2020-03-02T17:25:00Z,17.2,3517
2020-03-02T17:26:00Z,17.16,3492
2020-03-02T17:27:00Z,17.2,3485
2020-03-02T17:28:00Z,17.2,3510
2020-03-02T17:29:00Z,17.16,3512
2020-03-02T17:30:00Z,17.16,3493
2020-03-02T17:31:00Z,17.11,3478
2020-03-02T17:32:00Z,17.11,3493
2020-03-02T17:33:00Z,17.2,3483
2020-03-02T17:34:00Z,17.16,3503
2020-03-02T17:35:00Z,17.2,3491
2020-03-02T17:36:00Z,17.16,3532
2020-03-02T17:37:00Z,17.2,3482
2020-03-02T17:38:00Z,17.2,3479
2020-03-02T17:39:00Z,17.16,3493
2020-03-02T17:40:00Z,17.16,3491
2020-03-02T17:41:00Z,17.11,3491
2020-03-02T17:42:00Z,17.2,3503
2020-03-02T17:43:00Z,17.16,3487
2020-03-02T17:44:00Z,17.16,3521
2020-03-02T17:45:00Z,17.16,3497
2020-03-02T17:46:00Z,17.11,3503
2020-03-02T17:47:00Z,17.16,3492
2020-03-02T17:48:00Z,17.16,3511
2020-03-02T17:49:00Z,17.16,3511
2020-03-02T17:50:00Z,17.2,3539
2020-03-02T17:51:00Z,17.2,3483
2020-03-02T17:52:00Z,17.16,3429
2020-03-02T17:53:00Z,17.16,3447
2020-03-02T17:54:00Z,17.16,3447
2020-03-02T17:55:00Z,17.16,3457
2020-03-02T17:56:00Z,17.16,3453
2020-03-02T17:57:00Z,17.11,3430
2020-03-02T17:58:00Z,17.16,3420
2020-03-02T17:59:00Z,17.16,3455
2020-03-02T18:00:00Z,17.2,3496
2020-03-02T18:01:00Z,17.16,2624
2020-03-02T18:02:00Z,17.16,2630
2020-03-02T18:03:00Z,17.16,2625
2020-03-02T18:04:00Z,17.2,2608
2020-03-02T18:05:00Z,17.2,2629
2020-03-02T18:06:00Z,17.16,2630
2020-03-02T18:07:00Z,17.16,2630
2020-03-02T18:08:00Z,17.11,2624
2020-03-02T18:09:00Z,17.16,2632
2020-03-02T18:10:00Z,17.16,2632
2020-03-02T18:11:00Z,17.11,2634
2020-03-02T18:12:00Z,17.16,2624
2020-03-02T18:13:00Z,17.11,2629
2020-03-02T18:14:00Z,17.16,2627
2020-03-02T18:15:00Z,17.11,2603
2020-03-02T18:16:00Z,17.16,2627
2020-03-02T18:17:00Z,17.11,2620
2020-03-02T18:18:00Z,17.11,2643
2020-03-02T18:19:00Z,17.16,2618
2020-03-02T18:20:00Z,17.11,2627
2020-03-02T18:21:00Z,17.11,2610
2020-03-02T18:22:00Z,17.11,2627
2020-03-02T18:23:00Z,17.16,2610
2020-03-02T18:24:00Z,17.16,2621
2020-03-02T18:25:00Z,17.16,2636
2020-03-02T18:26:00Z,17.16,2624
2020-03-02T18:27:00Z,17.11,2656
2020-03-02T18:28:00Z,17.11,2637
2020-03-02T18:29:00Z,17.11,2646
2020-03-02T18:30:00Z,17.11,2655
2020-03-02T18:31:00Z,17.11,2621
2020-03-02T18:32:00Z,17.16,2634
2020-03-02T18:33:00Z,17.16,2630
2020-03-02T18:34:00Z,17.16,2621
2020-03-02T18:35:00Z,17.16,2629
2020-03-02T18:36:00Z,17.16,2617
2020-03-02T18:37:00Z,17.11,2596
2020-03-02T18:38:00Z,17.16,2668
2020-03-02T18:39:00Z,17.16,2629
2020-03-02T18:40:00Z,17.11,2621
2020-03-02T18:41:00Z,17.11,2617
2020-03-02T18:42:00Z,17.11,2612
2020-03-02T18:43:00Z,17.11,2618
2020-03-02T18:44:00Z,17.11,2588
2020-03-02T18:45:00Z,17.16,2568
2020-03-02T18:46:00Z,17.16,2620
2020-03-02T18:47:00Z,17.16,2627
2020-03-02T18:48:00Z,17.16,2632
2020-03-02T18:49:00Z,17.16,2637
2020-03-02T18:50:00Z,17.11,2630
2020-03-02T18:51:00Z,17.11,2601
2020-03-02T18:52:00Z,17.11,2627
2020-03-02T18:53:00Z,17.11,2620
2020-03-02T18:54:00Z,17.16,2625
2020-03-02T18:55:00Z,17.16,2613
2020-03-02T18:56:00Z,17.16,2600
2020-03-02T18:57:00Z,17.16,2630
2020-03-02T18:58:00Z,17.11,2605
2020-03-02T18:59:00Z,17.16,2625
2020-03-02T19:00:00Z,17.11,2624
2020-03-02T19:01:00Z,17.11,1766
2020-03-02T19:02:00Z,17.11,1754
2020-03-02T19:03:00Z,17.07,1738
2020-03-02T19:04:00Z,17.07,1752
2020-03-02T19:05:00Z,17.07,1748
2020-03-02T19:06:00Z,17.11,1743
2020-03-02T19:07:00Z,17.11,1768
2020-03-02T19:08:00Z,17.11,1745
2020-03-02T19:09:00Z,17.11,1743
2020-03-02T19:10:00Z,17.11,1754
2020-03-02T19:11:00Z,17.16,1750
2020-03-02T19:12:00Z,17.11,1722
2020-03-02T19:13:00Z,17.11,1741
2020-03-02T19:14:00Z,17.07,1752
2020-03-02T19:15:00Z,17.11,1759
2020-03-02T19:16:00Z,17.07,1748
2020-03-02T19:17:00Z,17.11,1750
2020-03-02T19:18:00Z,17.11,1754
2020-03-02T19:19:00Z,17.16,1736
2020-03-02T19:20:00Z,17.16,1752
2020-03-02T19:21:00Z,17.16,1741
2020-03-02T19:22:00Z,17.16,1738
2020-03-02T19:23:00Z,17.11,1715
2020-03-02T19:24:00Z,17.11,1750
2020-03-02T19:25:00Z,17.11,1745
2020-03-02T19:26:00Z,17.11,1743
2020-03-02T19:27:00Z,17.16,1729
2020-03-02T19:28:00Z,17.07,1741
2020-03-02T19:29:00Z,17.11,1754
2020-03-02T19:30:00Z,17.11,1750
2020-03-02T19:31:00Z,17.16,1750
2020-03-02T19:32:00Z,17.16,1724
2020-03-02T19:33:00Z,17.11,1754
2020-03-02T19:34:00Z,17.11,1738
2020-03-02T19:35:00Z,17.11,1747
2020-03-02T19:36:00Z,17.07,1743
2020-03-02T19:37:00Z,17.11,1747
2020-03-02T19:38:00Z,17.07,1738
2020-03-02T19:39:00Z,17.11,1747
2020-03-02T19:40:00Z,17.11,1740
2020-03-02T19:41:00Z,17.16,1740
2020-03-02T19:42:00Z,17.16,1741
2020-03-02T19:43:00Z,17.16,1754
2020-03-02T19:44:00Z,17.16,1747
2020-03-02T19:45:00Z,17.11,1745
2020-03-02T19:46:00Z,17.11,1763
2020-03-02T19:47:00Z,17.11,1750
2020-03-02T19:48:00Z,17.11,1764
2020-03-02T19:49:00Z,17.11,1745
2020-03-02T19:50:00Z,17.07,1733
2020-03-02T19:51:00Z,17.07,1745
2020-03-02T19:52:00Z,17.07,1763
2020-03-02T19:53:00Z,17.16,1741
2020-03-02T19:54:00Z,17.11,1740
2020-03-02T19:55:00Z,17.16,1740
2020-03-02T19:56:00Z,17.16,1748
2020-03-02T19:57:00Z,17.07,1745
2020-03-02T19:58:00Z,17.11,1738
2020-03-02T19:59:00Z,17.07,1745
2020-03-02T20:00:00Z,17.11,1719
2020-03-02T20:01:00Z,17.07,857
2020-03-02T20:02:00Z,17.07,867
2020-03-02T20:03:00Z,17.07,865
2020-03-02T20:04:00Z,17.07,867
2020-03-02T20:05:00Z,17.11,864
2020-03-02T20:06:00Z,17.11,867
2020-03-02T20:07:00Z,17.11,861
2020-03-02T20:08:00Z,17.07,862
2020-03-02T20:09:00Z,17.07,862
2020-03-02T20:10:00Z,17.07,868
2020-03-02T20:11:00Z,17.07,863
2020-03-02T20:12:00Z,17.07,859
2020-03-02T20:13:00Z,17.03,867
2020-03-02T20:14:00Z,17.07,860
2020-03-02T20:15:00Z,17.11,864
2020-03-02T20:16:00Z,17.07,861
2020-03-02T20:17:00Z,17.07,857
2020-03-02T20:18:00Z,17.11,865
2020-03-02T20:19:00Z,17.11,867
2020-03-02T20:20:00Z,17.11,867
2020-03-02T20:21:00Z,17.07,876
2020-03-02T20:22:00Z,17.11,871
2020-03-02T20:23:00Z,17.11,870
2020-03-02T20:24:00Z,17.07,867
2020-03-02T20:25:00Z,17.07,864
2020-03-02T20:26:00Z,17.03,869
2020-03-02T20:27:00Z,17.07,868
2020-03-02T20:28:00Z,17.07,872
2020-03-02T20:29:00Z,17.11,873
2020-03-02T20:30:00Z,17.11,880
2020-03-02T20:31:00Z,17.16,867
2020-03-02T20:32:00Z,17.07,870
2020-03-02T20:33:00Z,17.11,867
2020-03-02T20:34:00Z,17.11,872
2020-03-02T20:35:00Z,17.11,867
2020-03-02T20:36:00Z,17.07,868
2020-03-02T20:37:00Z,17.11,876
2020-03-02T20:38:00Z,17.07,873
2020-03-02T20:39:00Z,17.07,868
2020-03-02T20:40:00Z,17.03,870
2020-03-02T20:41:00Z,17.11,867
2020-03-02T20:42:00Z,17.11,870
2020-03-02T20:43:00Z,17.07,872
2020-03-02T20:44:00Z,17.11,871
2020-03-02T20:45:00Z,17.07,862
2020-03-02T20:46:00Z,17.11,866
2020-03-02T20:47:00Z,17.11,868
2020-03-02T20:48:00Z,17.07,864
2020-03-02T20:49:00Z,17.11,865
2020-03-02T20:50:00Z,17.07,864
2020-03-02T20:51:00Z,17.07,852
2020-03-02T20:52:00Z,17.07,867
2020-03-02T20:53:00Z,17.07,869
2020-03-02T20:54:00Z,17.11,864
2020-03-02T20:55:00Z,17.11,866
2020-03-02T20:56:00Z,17.16,867
2020-03-02T20:57:00Z,17.16,863
2020-03-02T20:58:00Z,17.07,864
2020-03-02T20:59:00Z,17.07,854
2020-03-02T21:00:00Z,17.07,862
2020-03-02T21:01:00Z,17.07,135
2020-03-02T21:02:00Z,17.07,135
2020-03-02T21:03:00Z,17.03,135
2020-03-02T21:04:00Z,17.07,135
2020-03-02T21:05:00Z,17.03,134
2020-03-02T21:06:00Z,17.07,134
2020-03-02T21:07:00Z,17.07,135
2020-03-02T21:08:00Z,17.07,135
2020-03-02T21:09:00Z,17.11,135
2020-03-02T21:10:00Z,17.07,135
2020-03-02T21:11:00Z,17.11,135
2020-03-02T21:12:00Z,17.03,135
2020-03-02T21:13:00Z,17.07,135
2020-03-02T21:14:00Z,17.07,135
2020-03-02T21:15:00Z,17.07,135
2020-03-02T21:16:00Z,16.99,134
2020-03-02T21:17:00Z,17.07,133
2020-03-02T21:18:00Z,17.11,135
2020-03-02T21:19:00Z,17.07,134
2020-03-02T21:20:00Z,17.07,135
2020-03-02T21:21:00Z,17.11,135
2020-03-02T21:22:00Z,17.07,134
2020-03-02T21:23:00Z,17.07,134
2020-03-02T21:24:00Z,17.03,132
2020-03-02T21:25:00Z,17.03,133
2020-03-02T21:26:00Z,17.03,134
2020-03-02T21:27:00Z,17.07,134
2020-03-02T21:28:00Z,17.03,134
2020-03-02T21:29:00Z,17.07,134
2020-03-02T21:30:00Z,17.07,135
2020-03-02T21:31:00Z,17.07,133
2020-03-02T21:32:00Z,17.11,134
2020-03-02T21:33:00Z,17.07,135
2020-03-02T21:34:00Z,17.07,135
2020-03-02T21:35:00Z,17.11,134
2020-03-02T21:36:00Z,17.07,133
2020-03-02T21:37:00Z,17.03,133
2020-03-02T21:38:00Z,17.07,133
2020-03-02T21:39:00Z,17.03,133
2020-03-02T21:40:00Z,17.03,137
2020-03-02T21:41:00Z,17.07,137
2020-03-02T21:42:00Z,17.07,136
2020-03-02T21:43:00Z,17.07,136
2020-03-02T21:44:00Z,17.07,136
2020-03-02T21:45:00Z,17.07,136
2020-03-02T21:46:00Z,17.11,136
2020-03-02T21:47:00Z,17.11,135
2020-03-02T21:48:00Z,17.07,137
2020-03-02T21:49:00Z,17.03,137
2020-03-02T21:50:00Z,17.03,136
2020-03-02T21:51:00Z,17.03,137
2020-03-02T21:52:00Z,17.07,135
2020-03-02T21:53:00Z,17.03,135
2020-03-02T21:54:00Z,17.07,136
2020-03-02T21:55:00Z,17.11,136
2020-03-02T21:56:00Z,17.07,135
2020-03-02T21:57:00Z,17.07,134
2020-03-02T21:58:00Z,17.03,136
2020-03-02T21:59:00Z,17.07,135
2020-03-02T22:00:00Z,17.07,136
2020-03-02T22:01:00Z,17.07,1827
2020-03-02T22:02:00Z,17.07,1777
2020-03-02T22:03:00Z,17.11,1783
2020-03-02T22:04:00Z,17.16,1780
2020-03-02T22:05:00Z,17.16,1787
2020-03-02T22:06:00Z,17.16,1766
2020-03-02T22:07:00Z,17.16,1778
2020-03-02T22:08:00Z,17.16,1783
2020-03-02T22:09:00Z,17.16,1780
2020-03-02T22:10:00Z,17.11,1780
2020-03-02T22:11:00Z,17.07,1773
2020-03-02T22:12:00Z,17.11,1766
2020-03-02T22:13:00Z,17.11,1787
2020-03-02T22:14:00Z,17.11,1768
2020-03-02T22:15:00Z,17.11,1775
2020-03-02T22:16:00Z,17.16,1782
2020-03-02T22:17:00Z,17.11,1778
2020-03-02T22:18:00Z,17.16,1771
2020-03-02T22:19:00Z,17.11,1795
2020-03-02T22:20:00Z,17.11,1780
2020-03-02T22:21:00Z,17.07,1780
2020-03-02T22:22:00Z,17.11,1780
2020-03-02T22:23:00Z,17.07,1782
2020-03-02T22:24:00Z,17.11,1778
2020-03-02T22:25:00Z,17.07,1785
2020-03-02T22:26:00Z,17.11,1783
2020-03-02T22:27:00Z,17.11,1771
2020-03-02T22:28:00Z,17.11,1766
2020-03-02T22:29:00Z,17.11,1777
2020-03-02T22:30:00Z,17.16,1780
2020-03-02T22:31:00Z,17.16,1775
2020-03-02T22:32:00Z,17.11,1771
2020-03-02T22:33:00Z,17.11,1766
2020-03-02T22:34:00Z,17.07,1771
2020-03-02T22:35:00Z,17.11,1768
2020-03-02T22:36:00Z,17.11,1771
2020-03-02T22:37:00Z,17.11,1768
2020-03-02T22:38:00Z,17.07,1766
2020-03-02T22:39:00Z,17.16,1771
2020-03-02T22:40:00Z,17.16,1773
2020-03-02T22:41:00Z,17.16,1773
2020-03-02T22:42:00Z,17.07,1763
2020-03-02T22:43:00Z,17.11,1773
2020-03-02T22:44:00Z,17.07,1768
2020-03-02T22:45:00Z,17.07,1752
2020-03-02T22:46:00Z,17.07,1768
2020-03-02T22:47:00Z,17.11,1766
2020-03-02T22:48:00Z,17.11,1761
2020-03-02T22:49:00Z,17.11,1775
2020-03-02T22:50:00Z,17.11,1761
2020-03-02T22:51:00Z,17.16,1789
2020-03-02T22:52:00Z,17.11,1763
2020-03-02T22:53:00Z,17.11,1759
2020-03-02T22:54:00Z,17.07,1780
2020-03-02T22:55:00Z,17.03,1763
2020-03-02T22:56:00Z,17.07,1777
2020-03-02T22:57:00Z,17.07,1770
2020-03-02T22:58:00Z,17.11,1768
2020-03-02T22:59:00Z,17.11,1782
2020-03-02T23:00:00Z,17.11,3884
2020-03-02T23:01:00Z,17.2,3866
2020-03-02T23:02:00Z,17.24,3866
2020-03-02T23:03:00Z,17.29,3863
2020-03-02T23:04:00Z,17.24,3869
2020-03-02T23:05:00Z,17.29,3876
2020-03-02T23:06:00Z,17.29,3876
2020-03-02T23:07:00Z,17.24,3880
2020-03-02T23:08:00Z,17.29,3912
2020-03-02T23:09:00Z,17.24,3890
2020-03-02T23:10:00Z,17.24,3884
2020-03-02T23:11:00Z,17.24,3869
2020-03-02T23:12:00Z,17.2,3873
2020-03-02T23:13:00Z,17.24,3900
2020-03-02T23:14:00Z,17.16,3884
2020-03-02T23:15:00Z,17.2,3894
2020-03-02T23:16:00Z,17.2,3904
2020-03-02T23:17:00Z,17.2,3887
2020-03-02T23:18:00Z,17.2,3894
2020-03-02T23:19:00Z,17.16,3898
2020-03-02T23:20:00Z,17.16,3918
2020-03-02T23:21:00Z,17.16,3866
2020-03-02T23:22:00Z,17.16,3939
2020-03-02T23:23:00Z,17.2,3908
2020-03-02T23:24:00Z,17.2,3859
2020-03-02T23:25:00Z,17.24,3758
2020-03-02T23:26:00Z,17.2,3894
2020-03-02T23:27:00Z,17.2,3904
2020-03-02T23:28:00Z,17.2,3900
2020-03-02T23:29:00Z,17.16,3837
2020-03-02T23:30:00Z,17.2,3890
2020-03-02T23:31:00Z,17.16,3859
2020-03-02T23:32:00Z,17.16,3884
2020-03-02T23:33:00Z,17.16,3835
2020-03-02T23:34:00Z,17.2,3869
2020-03-02T23:35:00Z,17.2,3884
2020-03-02T23:36:00Z,17.2,3863
2020-03-02T23:37:00Z,17.2,3884
2020-03-02T23:38:00Z,17.2,3873
2020-03-02T23:39:00Z,17.16,3880
2020-03-02T23:40:00Z,17.16,3866
2020-03-02T23:41:00Z,17.16,3869
2020-03-02T23:42:00Z,17.16,3898
2020-03-02T23:43:00Z,17.16,3866
2020-03-02T23:44:00Z,17.2,3863
2020-03-02T23:45:00Z,17.16,3890
2020-03-02T23:46:00Z,17.2,3869
2020-03-02T23:47:00Z,17.2,3880
2020-03-02T23:48:00Z,17.2,3855
2020-03-02T23:49:00Z,17.2,3863
2020-03-02T23:50:00Z,17.2,3855
2020-03-02T23:51:00Z,17.16,3880
2020-03-02T23:52:00Z,17.2,3876
2020-03-02T23:53:00Z,17.16,3884
2020-03-02T23:54:00Z,17.16,3873
2020-03-02T23:55:00Z,17.16,3859
2020-03-02T23:56:00Z,17.16,3884
2020-03-02T23:57:00Z,17.2,3880
2020-03-02T23:58:00Z,17.2,3890
2020-03-02T23:59:00Z,17.2,3866
2020-03-03T00:00:00Z,17.2,3894
2020-03-03T00:01:00Z,17.11,24
2020-03-03T00:02:00Z,17.07,24
2020-03-03T00:03:00Z,17.11,24
2020-03-03T00:04:00Z,17.07,25
2020-03-03T00:05:00Z,17.07,24
2020-03-03T00:06:00Z,17.03,25
2020-03-03T00:07:00Z,17.03,25
2020-03-03T00:08:00Z,17.03,24
2020-03-03T00:09:00Z,17.07,24
2020-03-03T00:10:00Z,17.07,25
2020-03-03T00:11:00Z,17.07,25
2020-03-03T00:12:00Z,17.07,24
2020-03-03T00:13:00Z,17.07,24
2020-03-03T00:14:00Z,17.07,24
2020-03-03T00:15:00Z,17.07,24
2020-03-03T00:16:00Z,17.03,24
2020-03-03T00:17:00Z,17.03,25
2020-03-03T00:18:00Z,17.03,24
2020-03-03T00:19:00Z,17.07,24
2020-03-03T00:20:00Z,17.07,24
2020-03-03T00:21:00Z,17.03,24
2020-03-03T00:22:00Z,17.07,24
2020-03-03T00:23:00Z,17.03,24
2020-03-03T00:24:00Z,17.07,24
2020-03-03T00:25:00Z,17.07,24
2020-03-03T00:26:00Z,17.07,24
2020-03-03T00:27:00Z,16.99,24
2020-03-03T00:28:00Z,17.07,24
2020-03-03T00:29:00Z,17.07,24
2020-03-03T00:30:00Z,17.07,24
2020-03-03T00:31:00Z,17.07,24
2020-03-03T00:32:00Z,17.07,24
2020-03-03T00:33:00Z,17.07,24
2020-03-03T00:34:00Z,17.07,24
2020-03-03T00:35:00Z,17.03,24
2020-03-03T00:36:00Z,17.07,24
2020-03-03T00:37:00Z,17.03,24
2020-03-03T00:38:00Z,17.07,24
2020-03-03T00:39:00Z,17.07,24
2020-03-03T00:40:00Z,17.11,24
2020-03-03T00:41:00Z,17.07,24
2020-03-03T00:42:00Z,17.07,24
2020-03-03T00:43:00Z,17.11,24
2020-03-03T00:44:00Z,17.07,24
2020-03-03T00:45:00Z,17.07,24
2020-03-03T00:46:00Z,17.07,24
2020-03-03T00:47:00Z,17.07,24
2020-03-03T00:48:00Z,17.07,24
2020-03-03T00:49:00Z,17.07,24
2020-03-03T00:50:00Z,17.03,24
2020-03-03T00:51:00Z,17.03,24
2020-03-03T00:52:00Z,17.03,24
2020-03-03T00:53:00Z,17.07,24
2020-03-03T00:54:00Z,17.11,24
2020-03-03T00:55:00Z,17.11,25
2020-03-03T00:56:00Z,17.11,24
2020-03-03T00:57:00Z,17.07,24
2020-03-03T00:58:00Z,17.03,24
2020-03-03T00:59:00Z,17.07,24
2020-03-03T01:00:00Z,17.03,24
2020-03-03T01:01:00Z,17.07,452
2020-03-03T01:02:00Z,17.07,451
2020-03-03T01:03:00Z,17.07,449
2020-03-03T01:04:00Z,17.07,454
2020-03-03T01:05:00Z,17.11,448
2020-03-03T01:06:00Z,17.11,446
2020-03-03T01:07:00Z,17.07,452
2020-03-03T01:08:00Z,17.07,457
2020-03-03T01:09:00Z,17.07,452
2020-03-03T01:10:00Z,17.07,454
2020-03-03T01:11:00Z,17.07,453
2020-03-03T01:12:00Z,16.99,455
2020-03-03T01:13:00Z,17.07,454
2020-03-03T01:14:00Z,17.07,454
2020-03-03T01:15:00Z,17.07,453
2020-03-03T01:16:00Z,17.07,455
2020-03-03T01:17:00Z,17.07,455
2020-03-03T01:18:00Z,17.07,455
2020-03-03T01:19:00Z,17.03,446
2020-03-03T01:20:00Z,17.07,453
2020-03-03T01:21:00Z,17.03,451
2020-03-03T01:22:00Z,17.07,454
2020-03-03T01:23:00Z,17.07,448
2020-03-03T01:24:00Z,17.07,459
2020-03-03T01:25:00Z,17.07,455
2020-03-03T01:26:00Z,17.07,455
2020-03-03T01:27:00Z,17.07,454
2020-03-03T01:28:00Z,17.07,450
2020-03-03T01:29:00Z,17.11,445
2020-03-03T01:30:00Z,17.03,452
2020-03-03T01:31:00Z,17.11,453
2020-03-03T01:32:00Z,17.03,455
2020-03-03T01:33:00Z,16.99,453
2020-03-03T01:34:00Z,17.03,455
2020-03-03T01:35:00Z,17.03,455
2020-03-03T01:36:00Z,17.07,454
2020-03-03T01:37:00Z,17.11,457
2020-03-03T01:38:00Z,17.07,454
2020-03-03T01:39:00Z,17.07,455
2020-03-03T01:40:00Z,17.07,456
2020-03-03T01:41:00Z,17.07,451
2020-03-03T01:42:00Z,17.03,455
2020-03-03T01:43:00Z,17.03,455
2020-03-03T01:44:00Z,17.03,455
2020-03-03T01:45:00Z,17.03,453
2020-03-03T01:46:00Z,17.07,455
2020-03-03T01:47:00Z,17.11,455
2020-03-03T01:48:00Z,17.07,448
2020-03-03T01:49:00Z,17.11,456
2020-03-03T01:50:00Z,17.11,451
2020-03-03T01:51:00Z,17.11,455
2020-03-03T01:52:00Z,17.11,455
2020-03-03T01:53:00Z,17.11,454
2020-03-03T01:54:00Z,17.11,455
2020-03-03T01:55:00Z,17.07,452
2020-03-03T01:56:00Z,17.07,452
2020-03-03T01:57:00Z,17.03,452
2020-03-03T01:58:00Z,17.03,453
2020-03-03T01:59:00Z,17.07,452
2020-03-03T02:00:00Z,17.07,455
2020-03-03T02:01:00Z,17.07,1381
2020-03-03T02:02:00Z,17.11,1392
2020-03-03T02:03:00Z,17.16,1393
2020-03-03T02:04:00Z,17.11,1420
2020-03-03T02:05:00Z,17.07,1397
2020-03-03T02:06:00Z,17.11,1400
2020-03-03T02:07:00Z,17.11,1393
2020-03-03T02:08:00Z,17.07,1399
2020-03-03T02:09:00Z,17.07,1392
2020-03-03T02:10:00Z,17.03,1398
2020-03-03T02:11:00Z,17.07,1405
2020-03-03T02:12:00Z,17.07,1393
2020-03-03T02:13:00Z,17.16,1402
2020-03-03T02:14:00Z,17.11,1390
2020-03-03T02:15:00Z,17.11,1405
2020-03-03T02:16:00Z,17.07,1405
2020-03-03T02:17:00Z,17.11,1404
2020-03-03T02:18:00Z,17.11,1434
2020-03-03T02:19:00Z,17.11,1410
2020-03-03T02:20:00Z,17.07,1410
2020-03-03T02:21:00Z,17.07,1409
2020-03-03T02:22:00Z,17.07,1432
2020-03-03T02:23:00Z,17.07,1436
2020-03-03T02:24:00Z,17.11,1414
2020-03-03T02:25:00Z,17.11,1427
2020-03-03T02:26:00Z,17.16,1414
2020-03-03T02:27:00Z,17.16,1414
2020-03-03T02:28:00Z,17.11,1412
2020-03-03T02:29:00Z,17.11,1422
2020-03-03T02:30:00Z,17.11,1446
2020-03-03T02:31:00Z,17.07,1432
2020-03-03T02:32:00Z,17.07,1437
2020-03-03T02:33:00Z,17.07,1422
2020-03-03T02:34:00Z,17.07,1421
2020-03-03T02:35:00Z,17.07,1442
2020-03-03T02:36:00Z,17.11,1437
2020-03-03T02:37:00Z,17.11,1434
2020-03-03T02:38:00Z,17.11,1443
2020-03-03T02:39:00Z,17.07,1441
2020-03-03T02:40:00Z,17.07,1430
2020-03-03T02:41:00Z,17.07,1442
2020-03-03T02:42:00Z,17.07,1437
2020-03-03T02:43:00Z,17.11,1432
2020-03-03T02:44:00Z,17.11,1443
2020-03-03T02:45:00Z,17.07,1434
2020-03-03T02:46:00Z,17.07,1421
2020-03-03T02:47:00Z,17.11,1437
2020-03-03T02:48:00Z,17.11,1428
2020-03-03T02:49:00Z,17.11,1418
2020-03-03T02:50:00Z,17.11,1441
2020-03-03T02:51:00Z,17.07,1423
2020-03-03T02:52:00Z,17.07,1439
2020-03-03T02:53:00Z,17.11,1427
2020-03-03T02:54:00Z,17.07,1436
2020-03-03T02:55:00Z,17.07,1433
2020-03-03T02:56:00Z,17.07,1434
2020-03-03T02:57:00Z,17.07,1438
2020-03-03T02:58:00Z,17.11,1414
2020-03-03T02:59:00Z,17.11,1434
2020-03-03T03:00:00Z,17.11,1432
2020-03-03T03:01:00Z,17.11,2295
2020-03-03T03:02:00Z,17.11,2281
2020-03-03T03:03:00Z,17.16,2303
2020-03-03T03:04:00Z,17.16,2302
2020-03-03T03:05:00Z,17.07,2291
2020-03-03T03:06:00Z,17.11,2279
2020-03-03T03:07:00Z,17.11,2286
2020-03-03T03:08:00Z,17.07,2303
2020-03-03T03:09:00Z,17.16,2286
2020-03-03T03:10:00Z,17.16,2296
2020-03-03T03:11:00Z,17.16,2302
2020-03-03T03:12:00Z,17.16,2293
2020-03-03T03:13:00Z,17.16,2284
2020-03-03T03:14:00Z,17.11,2290
2020-03-03T03:15:00Z,17.16,2296
2020-03-03T03:16:00Z,17.11,2279
2020-03-03T03:17:00Z,17.11,2300
2020-03-03T03:18:00Z,17.07,2276
2020-03-03T03:19:00Z,17.07,2305
2020-03-03T03:20:00Z,17.07,2324
2020-03-03T03:21:00Z,17.11,2279
2020-03-03T03:22:00Z,17.11,2274
2020-03-03T03:23:00Z,17.16,2281
2020-03-03T03:24:00Z,17.11,2293
2020-03-03T03:25:00Z,17.2,2296
2020-03-03T03:26:00Z,17.16,2291
2020-03-03T03:27:00Z,17.16,2303
2020-03-03T03:28:00Z,17.11,2305
2020-03-03T03:29:00Z,17.11,2300
2020-03-03T03:30:00Z,17.11,2307
2020-03-03T03:31:00Z,17.07,2296
2020-03-03T03:32:00Z,17.07,2267
2020-03-03T03:33:00Z,17.16,2293
2020-03-03T03:34:00Z,17.11,2302
2020-03-03T03:35:00Z,17.16,2305
2020-03-03T03:36:00Z,17.11,2279
2020-03-03T03:37:00Z,17.11,2288
2020-03-03T03:38:00Z,17.11,2274
2020-03-03T03:39:00Z,17.11,2303
2020-03-03T03:40:00Z,17.11,2288
2020-03-03T03:41:00Z,17.11,2295
2020-03-03T03:42:00Z,17.11,2288
2020-03-03T03:43:00Z,17.11,2296
2020-03-03T03:44:00Z,17.11,2309
2020-03-03T03:45:00Z,17.11,2290
2020-03-03T03:46:00Z,17.16,2284
2020-03-03T03:47:00Z,17.16,2298
2020-03-03T03:48:00Z,17.16,2290
2020-03-03T03:49:00Z,17.16,2303
2020-03-03T03:50:00Z,17.11,2298
2020-03-03T03:51:00Z,17.07,2284
2020-03-03T03:52:00Z,17.11,2295
2020-03-03T03:53:00Z,17.11,2293
2020-03-03T03:54:00Z,17.07,2293
2020-03-03T03:55:00Z,17.07,2284
2020-03-03T03:56:00Z,17.16,2286
2020-03-03T03:57:00Z,17.16,2278
2020-03-03T03:58:00Z,17.16,2288
2020-03-03T03:59:00Z,17.16,2312
2020-03-03T04:00:00Z,17.16,2307
2020-03-03T04:01:00Z,17.16,3100
2020-03-03T04:02:00Z,17.16,3104
2020-03-03T04:03:00Z,17.11,3096
2020-03-03T04:04:00Z,17.16,3085
2020-03-03T04:05:00Z,17.16,3089
2020-03-03T04:06:00Z,17.11,3096
2020-03-03T04:07:00Z,17.11,3067
2020-03-03T04:08:00Z,17.11,3096
2020-03-03T04:09:00Z,17.16,3113
2020-03-03T04:10:00Z,17.16,3100
2020-03-03T04:11:00Z,17.16,3086
2020-03-03T04:12:00Z,17.16,3094
2020-03-03T04:13:00Z,17.16,3077
2020-03-03T04:14:00Z,17.11,3105
2020-03-03T04:15:00Z,17.16,3085
2020-03-03T04:16:00Z,17.11,3064
2020-03-03T04:17:00Z,17.2,3077
2020-03-03T04:18:00Z,17.16,3080
2020-03-03T04:19:00Z,17.11,3072
2020-03-03T04:20:00Z,17.16,3080
2020-03-03T04:21:00Z,17.16,3104
2020-03-03T04:22:00Z,17.16,3064
2020-03-03T04:23:00Z,17.16,3105
2020-03-03T04:24:00Z,17.16,3116
2020-03-03T04:25:00Z,17.2,3076
2020-03-03T04:26:00Z,17.16,3105
2020-03-03T04:27:00Z,17.16,3091
2020-03-03T04:28:00Z,17.16,3096
2020-03-03T04:29:00Z,17.16,3099
2020-03-03T04:30:00Z,17.16,3089
2020-03-03T04:31:00Z,17.11,3096
2020-03-03T04:32:00Z,17.16,3113
2020-03-03T04:33:00Z,17.16,3089
2020-03-03T04:34:00Z,17.2,3096
2020-03-03T04:35:00Z,17.16,3100
2020-03-03T04:36:00Z,17.16,3114
2020-03-03T04:37:00Z,17.11,3076
2020-03-03T04:38:00Z,17.11,3095
2020-03-03T04:39:00Z,17.16,3067
2020-03-03T04:40:00Z,17.2,3075
2020-03-03T04:41:00Z,17.2,3096
2020-03-03T04:42:00Z,17.11,3094
2020-03-03T04:43:00Z,17.16,3069
2020-03-03T04:44:00Z,17.11,3064
2020-03-03T04:45:00Z,17.16,3062
2020-03-03T04:46:00Z,17.16,3090
2020-03-03T04:47:00Z,17.16,3075
2020-03-03T04:48:00Z,17.16,3069
2020-03-03T04:49:00Z,17.2,3045
2020-03-03T04:50:00Z,17.16,3057
2020-03-03T04:51:00Z,17.16,3091
2020-03-03T04:52:00Z,17.16,3082
2020-03-03T04:53:00Z,17.11,3081
2020-03-03T04:54:00Z,17.11,3072
2020-03-03T04:55:00Z,17.11,3058
2020-03-03T04:56:00Z,17.16,3085
2020-03-03T04:57:00Z,17.16,3094
2020-03-03T04:58:00Z,17.16,3091
2020-03-03T04:59:00Z,17.16,3080
2020-03-03T05:00:00Z,17.2,3085
2020-03-03T05:01:00Z,17.11,3825
2020-03-03T05:02:00Z,17.16,3762
2020-03-03T05:03:00Z,17.16,3800
2020-03-03T05:04:00Z,17.11,3764
2020-03-03T05:05:00Z,17.16,3789
2020-03-03T05:06:00Z,17.16,3754
2020-03-03T05:07:00Z,17.16,3772
2020-03-03T05:08:00Z,17.16,3776
2020-03-03T05:09:00Z,17.24,3782
2020-03-03T05:10:00Z,17.2,3786
2020-03-03T05:11:00Z,17.16,3772
2020-03-03T05:12:00Z,17.2,3845
2020-03-03T05:13:00Z,17.16,3855
2020-03-03T05:14:00Z,17.16,3817
2020-03-03T05:15:00Z,17.16,3849
2020-03-03T05:16:00Z,17.16,3855
2020-03-03T05:17:00Z,17.16,3803
2020-03-03T05:18:00Z,17.11,3831
2020-03-03T05:19:00Z,17.16,3825
2020-03-03T05:20:00Z,17.2,3866
2020-03-03T05:21:00Z,17.16,3821
2020-03-03T05:22:00Z,17.2,3817
2020-03-03T05:23:00Z,17.2,3849
2020-03-03T05:24:00Z,17.2,3796
2020-03-03T05:25:00Z,17.2,3859
2020-03-03T05:26:00Z,17.2,3835
2020-03-03T05:27:00Z,17.16,3849
2020-03-03T05:28:00Z,17.2,3849
2020-03-03T05:29:00Z,17.2,3845
2020-03-03T05:30:00Z,17.16,3849
2020-03-03T05:31:00Z,17.2,3827
2020-03-03T05:32:00Z,17.2,3821
2020-03-03T05:33:00Z,17.16,3835
2020-03-03T05:34:00Z,17.2,3869
2020-03-03T05:35:00Z,17.2,3827
2020-03-03T05:36:00Z,17.16,3835
2020-03-03T05:37:00Z,17.16,3859
2020-03-03T05:38:00Z,17.16,3855
2020-03-03T05:39:00Z,17.16,3852
2020-03-03T05:40:00Z,17.16,3859
2020-03-03T05:41:00Z,17.16,3841
2020-03-03T05:42:00Z,17.16,3807
2020-03-03T05:43:00Z,17.2,3796
2020-03-03T05:44:00Z,17.2,3827
2020-03-03T05:45:00Z,17.2,3855
2020-03-03T05:46:00Z,17.2,3859
2020-03-03T05:47:00Z,17.2,3841
2020-03-03T05:48:00Z,17.2,3849
2020-03-03T05:49:00Z,17.16,3863
2020-03-03T05:50:00Z,17.11,3841
2020-03-03T05:51:00Z,17.16,3845
2020-03-03T05:52:00Z,17.2,3849
2020-03-03T05:53:00Z,17.2,3837
2020-03-03T05:54:00Z,17.2,3852
2020-03-03T05:55:00Z,17.2,3845
2020-03-03T05:56:00Z,17.2,3876
2020-03-03T05:57:00Z,17.2,3876
2020-03-03T05:58:00Z,17.11,3837
2020-03-03T05:59:00Z,17.2,3831
2020-03-03T06:00:00Z,17.16,3852
2020-03-03T06:01:00Z,17.16,4655
2020-03-03T06:02:00Z,17.16,4643
2020-03-03T06:03:00Z,17.16,4625
2020-03-03T06:04:00Z,17.16,4562
2020-03-03T06:05:00Z,17.2,4649
2020-03-03T06:06:00Z,17.2,4649
2020-03-03T06:07:00Z,17.24,4649
2020-03-03T06:08:00Z,17.24,4621
2020-03-03T06:09:00Z,17.2,4655
2020-03-03T06:10:00Z,17.2,4593
2020-03-03T06:11:00Z,17.2,4621
2020-03-03T06:12:00Z,17.24,4645
2020-03-03T06:13:00Z,17.16,4649
2020-03-03T06:14:00Z,17.16,4645
2020-03-03T06:15:00Z,17.24,4669
2020-03-03T06:16:00Z,17.2,4631
2020-03-03T06:17:00Z,17.16,4639
2020-03-03T06:18:00Z,17.2,4635
2020-03-03T06:19:00Z,17.24,4631
2020-03-03T06:20:00Z,17.24,4649
2020-03-03T06:21:00Z,17.2,4653
2020-03-03T06:22:00Z,17.2,4631
2020-03-03T06:23:00Z,17.2,4639
2020-03-03T06:24:00Z,17.2,4663
2020-03-03T06:25:00Z,17.2,4643
2020-03-03T06:26:00Z,17.2,4645
2020-03-03T06:27:00Z,17.2,4655
2020-03-03T06:28:00Z,17.16,4631
2020-03-03T06:29:00Z,17.2,4643
2020-03-03T06:30:00Z,17.16,4643
2020-03-03T06:31:00Z,17.2,4643
2020-03-03T06:32:00Z,17.2,4653
2020-03-03T06:33:00Z,17.24,4655
2020-03-03T06:34:00Z,17.2,4673
2020-03-03T06:35:00Z,17.2,4635
2020-03-03T06:36:00Z,17.24,4663
2020-03-03T06:37:00Z,17.2,4673
2020-03-03T06:38:00Z,17.2,4621
2020-03-03T06:39:00Z,17.16,4687
2020-03-03T06:40:00Z,17.2,4677
2020-03-03T06:41:00Z,17.24,4655
2020-03-03T06:42:00Z,17.2,4643
2020-03-03T06:43:00Z,17.2,4673
2020-03-03T06:44:00Z,17.2,4698
2020-03-03T06:45:00Z,17.24,4590
2020-03-03T06:46:00Z,17.2,4673
2020-03-03T06:47:00Z,17.2,4667
2020-03-03T06:48:00Z,17.24,4667
2020-03-03T06:49:00Z,17.2,4659
2020-03-03T06:50:00Z,17.2,4684
2020-03-03T06:51:00Z,17.16,4669
2020-03-03T06:52:00Z,17.2,4704
2020-03-03T06:53:00Z,17.16,4687
2020-03-03T06:54:00Z,17.24,4698
2020-03-03T06:55:00Z,17.2,4726
2020-03-03T06:56:00Z,17.2,4722
2020-03-03T06:57:00Z,17.2,4639
2020-03-03T06:58:00Z,17.2,4590
2020-03-03T06:59:00Z,17.24,4655
2020-03-03T07:00:00Z,17.24,4799
2020-03-03T07:01:00Z,17.24,5445
2020-03-03T07:02:00Z,17.2,5463
2020-03-03T07:03:00Z,17.2,5466
2020-03-03T07:04:00Z,17.16,5466
2020-03-03T07:05:00Z,17.2,5432
2020-03-03T07:06:00Z,17.2,5379
2020-03-03T07:07:00Z,17.24,5453
2020-03-03T07:08:00Z,17.24,5437
2020-03-03T07:09:00Z,17.29,5437
2020-03-03T07:10:00Z,17.24,5455
2020-03-03T07:11:00Z,17.24,5448
2020-03-03T07:12:00Z,17.24,5448
2020-03-03T07:13:00Z,17.2,5463
2020-03-03T07:14:00Z,17.2,5453
2020-03-03T07:15:00Z,17.2,5443
2020-03-03T07:16:00Z,17.2,5427
2020-03-03T07:17:00Z,17.2,5471
2020-03-03T07:18:00Z,17.2,5466
2020-03-03T07:19:00Z,17.24,5445
2020-03-03T07:20:00Z,17.2,5425
2020-03-03T07:21:00Z,17.24,5366
2020-03-03T07:22:00Z,17.24,5445
2020-03-03T07:23:00Z,17.24,5427
2020-03-03T07:24:00Z,17.2,5471
2020-03-03T07:25:00Z,17.2,5435
2020-03-03T07:26:00Z,17.24,5425
2020-03-03T07:27:00Z,17.24,5455
2020-03-03T07:28:00Z,17.2,5376
2020-03-03T07:29:00Z,17.2,5463
2020-03-03T07:30:00Z,17.24,5481
2020-03-03T07:31:00Z,17.2,5473
2020-03-03T07:32:00Z,17.24,5404
2020-03-03T07:33:00Z,17.24,5435
2020-03-03T07:34:00Z,17.24,5443
2020-03-03T07:35:00Z,17.2,5435
2020-03-03T07:36:00Z,17.24,5448
2020-03-03T07:37:00Z,17.2,5437
2020-03-03T07:38:00Z,17.24,5409
2020-03-03T07:39:00Z,17.2,5432
2020-03-03T07:40:00Z,17.2,5407
2020-03-03T07:41:00Z,17.2,5396
2020-03-03T07:42:00Z,17.2,5358
2020-03-03T07:43:00Z,17.2,5445
2020-03-03T07:44:00Z,17.29,5422
2020-03-03T07:45:00Z,17.29,5443
2020-03-03T07:46:00Z,17.29,5458
2020-03-03T07:47:00Z,17.33,5443
2020-03-03T07:48:00Z,17.33,5445
2020-03-03T07:49:00Z,17.33,5407
2020-03-03T07:50:00Z,17.29,5453
2020-03-03T07:51:00Z,17.33,5414
2020-03-03T07:52:00Z,17.33,5471
2020-03-03T07:53:00Z,17.33,5455
2020-03-03T07:54:00Z,17.33,5448
2020-03-03T07:55:00Z,17.29,5466
2020-03-03T07:56:00Z,17.29,5458
2020-03-03T07:57:00Z,17.29,5471
2020-03-03T07:58:00Z,17.29,5448
2020-03-03T07:59:00Z,17.24,5466
2020-03-03T08:00:00Z,17.24,6065
2020-03-03T08:01:00Z,17.29,6062
2020-03-03T08:02:00Z,17.2,6129
2020-03-03T08:03:00Z,17.24,6036
2020-03-03T08:04:00Z,17.24,6029
2020-03-03T08:05:00Z,17.24,6016
2020-03-03T08:06:00Z,17.2,6013
2020-03-03T08:07:00Z,17.24,5990
2020-03-03T08:08:00Z,17.2,6036
2020-03-03T08:09:00Z,17.24,5939
2020-03-03T08:10:00Z,17.24,6211
2020-03-03T08:11:00Z,17.24,6019
2020-03-03T08:12:00Z,17.29,6029
2020-03-03T08:13:00Z,17.24,6131
2020-03-03T08:14:00Z,17.24,6095
2020-03-03T08:15:00Z,17.24,6026
2020-03-03T08:16:00Z,17.29,5978
2020-03-03T08:17:00Z,17.2,5990
2020-03-03T08:18:00Z,17.2,6034
2020-03-03T08:19:00Z,17.24,5996
2020-03-03T08:20:00Z,17.2,6008
2020-03-03T08:21:00Z,17.24,6036
2020-03-03T08:22:00Z,17.2,5996
2020-03-03T08:23:00Z,17.24,6008
2020-03-03T08:24:00Z,17.29,5990
2020-03-03T08:25:00Z,17.33,5990
2020-03-03T08:26:00Z,17.24,6008
2020-03-03T08:27:00Z,17.29,6019
2020-03-03T08:28:00Z,17.29,5988
2020-03-03T08:29:00Z,17.24,6008
2020-03-03T08:30:00Z,17.29,6003
2020-03-03T08:31:00Z,17.29,6034
2020-03-03T08:32:00Z,17.29,6024
2020-03-03T08:33:00Z,17.24,6016
2020-03-03T08:34:00Z,17.24,6024
2020-03-03T08:35:00Z,17.2,6003
2020-03-03T08:36:00Z,17.2,6057
2020-03-03T08:37:00Z,17.2,6042
2020-03-03T08:38:00Z,17.2,6029
2020-03-03T08:39:00Z,17.2,6044
2020-03-03T08:40:00Z,17.24,6111
2020-03-03T08:41:00Z,17.24,6052
2020-03-03T08:42:00Z,17.29,5998
2020-03-03T08:43:00Z,17.29,6075
2020-03-03T08:44:00Z,17.33,6024
2020-03-03T08:45:00Z,17.24,6065
2020-03-03T08:46:00Z,17.24,6047
2020-03-03T08:47:00Z,17.24,6067
2020-03-03T08:48:00Z,17.29,6024
2020-03-03T08:49:00Z,17.24,6052
2020-03-03T08:50:00Z,17.24,6103
2020-03-03T08:51:00Z,17.16,6075
2020-03-03T08:52:00Z,17.2,6100
2020-03-03T08:53:00Z,17.24,6065
2020-03-03T08:54:00Z,17.2,6062
2020-03-03T08:55:00Z,17.2,6052
2020-03-03T08:56:00Z,17.2,6093
2020-03-03T08:57:00Z,17.2,6095
2020-03-03T08:58:00Z,17.24,6042
2020-03-03T08:59:00Z,17.24,6113
2020-03-03T09:00:00Z,17.29,6958
2020-03-03T09:01:00Z,17.29,6851
2020-03-03T09:02:00Z,17.24,6868
2020-03-03T09:03:00Z,17.29,6856
2020-03-03T09:04:00Z,17.24,6817
2020-03-03T09:05:00Z,17.29,6884
2020-03-03T09:06:00Z,17.24,6848
2020-03-03T09:07:00Z,17.24,6830
2020-03-03T09:08:00Z,17.29,6845
2020-03-03T09:09:00Z,17.24,6822
2020-03-03T09:10:00Z,17.29,7071
2020-03-03T09:11:00Z,17.24,6725
2020-03-03T09:12:00Z,17.2,6838
2020-03-03T09:13:00Z,17.24,6871
2020-03-03T09:14:00Z,17.29,6828
2020-03-03T09:15:00Z,17.29,6810
2020-03-03T09:16:00Z,17.33,6848
2020-03-03T09:17:00Z,17.29,6817
2020-03-03T09:18:00Z,17.29,6810
2020-03-03T09:19:00Z,17.29,6751
2020-03-03T09:20:00Z,17.29,6797
2020-03-03T09:21:00Z,17.24,6807
2020-03-03T09:22:00Z,17.24,6807
2020-03-03T09:23:00Z,17.29,6817
2020-03-03T09:24:00Z,17.29,6886
2020-03-03T09:25:00Z,17.24,6799
2020-03-03T09:26:00Z,17.29,6848
2020-03-03T09:27:00Z,17.24,6833
2020-03-03T09:28:00Z,17.24,6820
2020-03-03T09:29:00Z,17.29,6779
2020-03-03T09:30:00Z,17.24,6648
2020-03-03T09:31:00Z,17.24,6820
2020-03-03T09:32:00Z,17.29,6822
2020-03-03T09:33:00Z,17.29,6871
2020-03-03T09:34:00Z,17.29,6784
2020-03-03T09:35:00Z,17.29,6792
2020-03-03T09:36:00Z,17.29,6838
2020-03-03T09:37:00Z,17.24,6810
2020-03-03T09:38:00Z,17.24,6817
2020-03-03T09:39:00Z,17.24,6807
2020-03-03T09:40:00Z,17.29,6761
2020-03-03T09:41:00Z,17.24,6838
2020-03-03T09:42:00Z,17.2,6822
2020-03-03T09:43:00Z,17.2,6792
2020-03-03T09:44:00Z,17.2,6784
2020-03-03T09:45:00Z,17.24,6848
2020-03-03T09:46:00Z,17.24,6781
2020-03-03T09:47:00Z,17.29,6779
2020-03-03T09:48:00Z,17.29,6802
2020-03-03T09:49:00Z,17.24,6758
2020-03-03T09:50:00Z,17.24,6838
2020-03-03T09:51:00Z,17.24,6735
2020-03-03T09:52:00Z,17.29,6830
2020-03-03T09:53:00Z,17.33,6828
2020-03-03T09:54:00Z,17.29,6779
2020-03-03T09:55:00Z,17.29,6812
2020-03-03T09:56:00Z,17.29,6817
2020-03-03T09:57:00Z,17.29,6774
2020-03-03T09:58:00Z,17.24,6807
2020-03-03T09:59:00Z,17.24,6858
2020-03-03T10:00:00Z,17.24,6797
2020-03-03T10:01:00Z,17.24,7050
2020-03-03T10:02:00Z,17.2,6856
2020-03-03T10:03:00Z,17.2,7030
2020-03-03T10:04:00Z,17.29,7035
2020-03-03T10:05:00Z,17.24,7063
2020-03-03T10:06:00Z,17.29,7035
2020-03-03T10:07:00Z,17.33,7091
2020-03-03T10:08:00Z,17.29,7022
2020-03-03T10:09:00Z,17.29,7022
2020-03-03T10:10:00Z,17.33,7063
2020-03-03T10:11:00Z,17.29,6986
2020-03-03T10:12:00Z,17.29,7014
2020-03-03T10:13:00Z,17.24,7022
2020-03-03T10:14:00Z,17.33,7063
2020-03-03T10:15:00Z,17.29,6945
2020-03-03T10:16:00Z,17.24,7002
2020-03-03T10:17:00Z,17.24,7035
2020-03-03T10:18:00Z,17.29,7002
2020-03-03T10:19:00Z,17.2,7030
2020-03-03T10:20:00Z,17.24,6945
2020-03-03T10:21:00Z,17.24,7007
2020-03-03T10:22:00Z,17.24,6973
2020-03-03T10:23:00Z,17.24,7002
2020-03-03T10:24:00Z,17.29,7007
2020-03-03T10:25:00Z,17.29,7043
2020-03-03T10:26:00Z,17.33,7063
2020-03-03T10:27:00Z,17.29,7055
2020-03-03T10:28:00Z,17.29,7014
2020-03-03T10:29:00Z,17.29,7035
2020-03-03T10:30:00Z,17.29,7091
2020-03-03T10:31:00Z,17.29,7022
2020-03-03T10:32:00Z,17.24,7030
2020-03-03T10:33:00Z,17.24,7035
2020-03-03T10:34:00Z,17.24,7035
2020-03-03T10:35:00Z,17.24,7022
2020-03-03T10:36:00Z,17.24,7030
2020-03-03T10:37:00Z,17.2,6986
2020-03-03T10:38:00Z,17.24,6973
2020-03-03T10:39:00Z,17.24,7055
2020-03-03T10:40:00Z,17.29,7002
2020-03-03T10:41:00Z,17.24,7071
2020-03-03T10:42:00Z,17.29,7055
2020-03-03T10:43:00Z,17.29,7091
2020-03-03T10:44:00Z,17.29,7007
2020-03-03T10:45:00Z,17.29,7022
2020-03-03T10:46:00Z,17.24,7107
2020-03-03T10:47:00Z,17.2,7050
2020-03-03T10:48:00Z,17.29,7055
2020-03-03T10:49:00Z,17.29,7078
2020-03-03T10:50:00Z,17.24,7043
2020-03-03T10:51:00Z,17.24,7022
2020-03-03T10:52:00Z,17.24,6884
2020-03-03T10:53:00Z,17.24,7022
2020-03-03T10:54:00Z,17.24,7055
2020-03-03T10:55:00Z,17.29,7078
2020-03-03T10:56:00Z,17.24,7050
2020-03-03T10:57:00Z,17.24,7063
2020-03-03T10:58:00Z,17.24,7078
2020-03-03T10:59:00Z,17.24,7022
2020-03-03T11:00:00Z,17.24,7055
2020-03-03T11:01:00Z,17.29,7063
2020-03-03T11:02:00Z,17.29,7022
2020-03-03T11:03:00Z,17.29,7050
2020-03-03T11:04:00Z,17.33,7043
2020-03-03T11:05:00Z,17.33,7055
2020-03-03T11:06:00Z,17.29,7035
2020-03-03T11:07:00Z,17.29,7078
2020-03-03T11:08:00Z,17.29,6938
2020-03-03T11:09:00Z,17.29,7099
2020-03-03T11:10:00Z,17.29,7050
2020-03-03T11:11:00Z,17.29,6981
2020-03-03T11:12:00Z,17.33,7007
2020-03-03T11:13:00Z,17.33,7022
2020-03-03T11:14:00Z,17.24,7078
2020-03-03T11:15:00Z,17.24,7043
2020-03-03T11:16:00Z,17.29,7030
2020-03-03T11:17:00Z,17.24,7030
2020-03-03T11:18:00Z,17.29,7043
2020-03-03T11:19:00Z,17.29,7050
2020-03-03T11:20:00Z,17.29,7071
2020-03-03T11:21:00Z,17.24,7050
2020-03-03T11:22:00Z,17.24,7035
2020-03-03T11:23:00Z,17.24,7078
2020-03-03T11:24:00Z,17.24,7030
2020-03-03T11:25:00Z,17.24,6935
2020-03-03T11:26:00Z,17.24,7043
2020-03-03T11:27:00Z,17.24,7002
2020-03-03T11:28:00Z,17.29,7014
2020-03-03T11:29:00Z,17.29,7084
2020-03-03T11:30:00Z,17.33,7063
2020-03-03T11:31:00Z,17.33,6994
2020-03-03T11:32:00Z,17.24,7050
2020-03-03T11:33:00Z,17.33,7050
2020-03-03T11:34:00Z,17.24,7022
2020-03-03T11:35:00Z,17.24,7043
2020-03-03T11:36:00Z,17.29,7063
2020-03-03T11:37:00Z,17.24,7030
2020-03-03T11:38:00Z,17.29,7007
2020-03-03T11:39:00Z,17.24,7035
2020-03-03T11:40:00Z,17.24,7002
2020-03-03T11:41:00Z,17.24,7030
2020-03-03T11:42:00Z,17.29,6958
2020-03-03T11:43:00Z,17.29,7035
2020-03-03T11:44:00Z,17.24,7014
2020-03-03T11:45:00Z,17.29,7050
2020-03-03T11:46:00Z,17.24,7063
2020-03-03T11:47:00Z,17.24,7030
2020-03-03T11:48:00Z,17.24,7063
2020-03-03T11:49:00Z,17.29,6981
2020-03-03T11:50:00Z,17.33,7014
2020-03-03T11:51:00Z,17.29,6917
2020-03-03T11:52:00Z,17.33,6958
2020-03-03T11:53:00Z,17.29,7002
2020-03-03T11:54:00Z,17.33,7043
2020-03-03T11:55:00Z,17.29,6981
2020-03-03T11:56:00Z,17.29,7063
2020-03-03T11:57:00Z,17.29,7030
2020-03-03T11:58:00Z,17.29,7084
2020-03-03T11:59:00Z,17.29,6986
2020-03-03T12:00:00Z,17.24,7014
2020-03-03T12:01:00Z,17.24,7030
2020-03-03T12:02:00Z,17.24,6994
2020-03-03T12:03:00Z,17.24,7007
2020-03-03T12:04:00Z,17.24,7022
2020-03-03T12:05:00Z,17.24,7055
2020-03-03T12:06:00Z,17.24,6994
2020-03-03T12:07:00Z,17.24,7014
2020-03-03T12:08:00Z,17.24,6945
2020-03-03T12:09:00Z,17.24,7022
2020-03-03T12:10:00Z,17.29,7035
2020-03-03T12:11:00Z,17.29,7014
2020-03-03T12:12:00Z,17.29,7030
2020-03-03T12:13:00Z,17.29,6986
2020-03-03T12:14:00Z,17.29,6958
2020-03-03T12:15:00Z,17.29,7007
2020-03-03T12:16:00Z,17.33,7030
2020-03-03T12:17:00Z,17.33,7035
2020-03-03T12:18:00Z,17.29,7063
2020-03-03T12:19:00Z,17.24,7035
2020-03-03T12:20:00Z,17.24,7035
2020-03-03T12:21:00Z,17.24,6953
2020-03-03T12:22:00Z,17.24,7022
2020-03-03T12:23:00Z,17.24,7043
2020-03-03T12:24:00Z,17.24,7014
2020-03-03T12:25:00Z,17.29,7084
2020-03-03T12:26:00Z,17.29,6986
2020-03-03T12:27:00Z,17.29,7063
2020-03-03T12:28:00Z,17.24,6994
2020-03-03T12:29:00Z,17.24,7022
2020-03-03T12:30:00Z,17.29,7007
2020-03-03T12:31:00Z,17.2,6966
2020-03-03T12:32:00Z,17.29,7007
2020-03-03T12:33:00Z,17.24,7112
2020-03-03T12:34:00Z,17.24,7055
2020-03-03T12:35:00Z,17.24,6994
2020-03-03T12:36:00Z,17.24,7007
2020-03-03T12:37:00Z,17.29,6981
2020-03-03T12:38:00Z,17.29,7055
2020-03-03T12:39:00Z,17.29,7002
2020-03-03T12:40:00Z,17.29,6925
2020-03-03T12:41:00Z,17.29,7035
2020-03-03T12:42:00Z,17.29,7099
2020-03-03T12:43:00Z,17.29,7050
2020-03-03T12:44:00Z,17.29,7035
2020-03-03T12:45:00Z,17.33,7014
2020-03-03T12:46:00Z,17.24,7035
2020-03-03T12:47:00Z,17.29,6994
2020-03-03T12:48:00Z,17.29,7099
2020-03-03T12:49:00Z,17.24,7043
2020-03-03T12:50:00Z,17.29,7091
2020-03-03T12:51:00Z,17.29,7007
2020-03-03T12:52:00Z,17.29,7063
2020-03-03T12:53:00Z,17.2,7014
2020-03-03T12:54:00Z,17.2,7022
2020-03-03T12:55:00Z,17.24,7007
2020-03-03T12:56:00Z,17.24,7030
2020-03-03T12:57:00Z,17.24,7030
2020-03-03T12:58:00Z,17.29,7055
2020-03-03T12:59:00Z,17.29,7050
2020-03-03T13:00:00Z,17.24,7055
2020-03-03T13:01:00Z,17.24,6426
2020-03-03T13:02:00Z,17.24,6454
2020-03-03T13:03:00Z,17.24,6444
2020-03-03T13:04:00Z,17.24,6469
2020-03-03T13:05:00Z,17.29,6362
2020-03-03T13:06:00Z,17.29,6449
2020-03-03T13:07:00Z,17.24,6451
2020-03-03T13:08:00Z,17.29,6431
2020-03-03T13:09:00Z,17.29,6395
2020-03-03T13:10:00Z,17.29,6444
2020-03-03T13:11:00Z,17.29,6441
2020-03-03T13:12:00Z,17.24,6464
2020-03-03T13:13:00Z,17.29,6252
2020-03-03T13:14:00Z,17.33,6449
2020-03-03T13:15:00Z,17.29,6464
2020-03-03T13:16:00Z,17.24,6479
2020-03-03T13:17:00Z,17.29,6459
2020-03-03T13:18:00Z,17.29,6461
2020-03-03T13:19:00Z,17.29,6426
2020-03-03T13:20:00Z,17.29,6433
2020-03-03T13:21:00Z,17.24,6433
2020-03-03T13:22:00Z,17.24,6420
2020-03-03T13:23:00Z,17.2,6461
2020-03-03T13:24:00Z,17.2,6510
2020-03-03T13:25:00Z,17.24,6510
2020-03-03T13:26:00Z,17.24,6482
2020-03-03T13:27:00Z,17.24,6395
2020-03-03T13:28:00Z,17.2,6502
2020-03-03T13:29:00Z,17.2,6508
2020-03-03T13:30:00Z,17.24,6413
2020-03-03T13:31:00Z,17.24,6441
2020-03-03T13:32:00Z,17.24,6431
2020-03-03T13:33:00Z,17.29,6420
2020-03-03T13:34:00Z,17.29,6298
2020-03-03T13:35:00Z,17.29,6433
2020-03-03T13:36:00Z,17.29,6410
2020-03-03T13:37:00Z,17.29,6420
2020-03-03T13:38:00Z,17.24,6367
2020-03-03T13:39:00Z,17.24,6413
2020-03-03T13:40:00Z,17.29,6482
2020-03-03T13:41:00Z,17.24,6405
2020-03-03T13:42:00Z,17.24,6354
2020-03-03T13:43:00Z,17.2,6426
2020-03-03T13:44:00Z,17.29,6431
2020-03-03T13:45:00Z,17.24,6423
2020-03-03T13:46:00Z,17.24,6395
2020-03-03T13:47:00Z,17.24,6415
2020-03-03T13:48:00Z,17.24,6362
2020-03-03T13:49:00Z,17.2,6431
2020-03-03T13:50:00Z,17.24,6459
2020-03-03T13:51:00Z,17.29,6415
2020-03-03T13:52:00Z,17.29,6441
2020-03-03T13:53:00Z,17.29,6426
2020-03-03T13:54:00Z,17.24,6469
2020-03-03T13:55:00Z,17.24,6423
2020-03-03T13:56:00Z,17.24,6444
2020-03-03T13:57:00Z,17.29,6472
2020-03-03T13:58:00Z,17.29,6362
2020-03-03T13:59:00Z,17.24,6344
2020-03-03T14:00:00Z,17.2,6423
2020-03-03T14:01:00Z,17.2,5714
2020-03-03T14:02:00Z,17.24,5714
2020-03-03T14:03:00Z,17.2,5696
2020-03-03T14:04:00Z,17.2,5780
2020-03-03T14:05:00Z,17.24,5732
2020-03-03T14:06:00Z,17.29,5706
2020-03-03T14:07:00Z,17.29,5732
2020-03-03T14:08:00Z,17.29,5599
2020-03-03T14:09:00Z,17.29,5757
2020-03-03T14:10:00Z,17.37,5737
2020-03-03T14:11:00Z,17.37,5763
2020-03-03T14:12:00Z,17.37,5724
2020-03-03T14:13:00Z,17.37,5763
2020-03-03T14:14:00Z,17.33,5752
2020-03-03T14:15:00Z,17.37,5755
2020-03-03T14:16:00Z,17.33,5768
2020-03-03T14:17:00Z,17.37,5719
2020-03-03T14:18:00Z,17.37,5719
2020-03-03T14:19:00Z,17.33,5709
2020-03-03T14:20:00Z,17.33,5709
2020-03-03T14:21:00Z,17.37,5747
2020-03-03T14:22:00Z,17.29,5724
2020-03-03T14:23:00Z,17.33,5732
2020-03-03T14:24:00Z,17.33,5704
2020-03-03T14:25:00Z,17.29,5727
2020-03-03T14:26:00Z,17.33,5757
2020-03-03T14:27:00Z,17.33,5742
2020-03-03T14:28:00Z,17.33,5686
2020-03-03T14:29:00Z,17.33,5732
2020-03-03T14:30:00Z,17.29,5752
2020-03-03T14:31:00Z,17.33,5747
2020-03-03T14:32:00Z,17.29,5742
2020-03-03T14:33:00Z,17.29,5737
2020-03-03T14:34:00Z,17.29,5709
2020-03-03T14:35:00Z,17.29,5727
2020-03-03T14:36:00Z,17.29,5765
2020-03-03T14:37:00Z,17.29,5719
2020-03-03T14:38:00Z,17.29,5719
2020-03-03T14:39:00Z,17.29,5752
2020-03-03T14:40:00Z,17.33,5732
2020-03-03T14:41:00Z,17.29,5775
2020-03-03T14:42:00Z,17.29,5742
2020-03-03T14:43:00Z,17.33,5734
2020-03-03T14:44:00Z,17.33,5660
2020-03-03T14:45:00Z,17.29,5742
2020-03-03T14:46:00Z,17.29,5768
2020-03-03T14:47:00Z,17.29,5755
2020-03-03T14:48:00Z,17.29,5665
2020-03-03T14:49:00Z,17.37,5773
2020-03-03T14:50:00Z,17.37,5724
2020-03-03T14:51:00Z,17.33,5696
2020-03-03T14:52:00Z,17.29,5709
2020-03-03T14:53:00Z,17.33,5757
2020-03-03T14:54:00Z,17.33,5732
2020-03-03T14:55:00Z,17.29,5752
2020-03-03T14:56:00Z,17.29,5629
2020-03-03T14:57:00Z,17.33,5757
2020-03-03T14:58:00Z,17.29,5757
2020-03-03T14:59:00Z,17.29,5732
2020-03-03T15:00:00Z,17.29,5732
2020-03-03T15:01:00Z,17.33,5004
2020-03-03T15:02:00Z,17.29,5007
2020-03-03T15:03:00Z,17.24,5032
2020-03-03T15:04:00Z,17.24,4997
2020-03-03T15:05:00Z,17.24,5039
2020-03-03T15:06:00Z,17.29,5042
2020-03-03T15:07:00Z,17.24,5018
2020-03-03T15:08:00Z,17.29,5036
2020-03-03T15:09:00Z,17.29,5007
2020-03-03T15:10:00Z,17.33,5028
2020-03-03T15:11:00Z,17.29,5064
2020-03-03T15:12:00Z,17.33,5032
2020-03-03T15:13:00Z,17.33,5056
2020-03-03T15:14:00Z,17.29,5014
2020-03-03T15:15:00Z,17.33,5036
2020-03-03T15:16:00Z,17.29,5025
2020-03-03T15:17:00Z,17.29,5004
2020-03-03T15:18:00Z,17.33,5018
2020-03-03T15:19:00Z,17.29,5025
2020-03-03T15:20:00Z,17.29,5028
2020-03-03T15:21:00Z,17.24,5001
2020-03-03T15:22:00Z,17.29,5108
2020-03-03T15:23:00Z,17.29,5042
2020-03-03T15:24:00Z,17.24,5101
2020-03-03T15:25:00Z,17.29,5021
2020-03-03T15:26:00Z,17.24,5119
2020-03-03T15:27:00Z,17.24,5042
2020-03-03T15:28:00Z,17.24,5018
2020-03-03T15:29:00Z,17.24,5032
2020-03-03T15:30:00Z,17.29,4977
2020-03-03T15:31:00Z,17.29,5021
2020-03-03T15:32:00Z,17.29,5036
2020-03-03T15:33:00Z,17.24,4993
2020-03-03T15:34:00Z,17.33,5036
2020-03-03T15:35:00Z,17.24,5011
2020-03-03T15:36:00Z,17.29,4955
2020-03-03T15:37:00Z,17.33,5014
2020-03-03T15:38:00Z,17.33,5007
2020-03-03T15:39:00Z,17.29,5021
2020-03-03T15:40:00Z,17.33,5028
2020-03-03T15:41:00Z,17.29,5004
2020-03-03T15:42:00Z,17.33,5007
2020-03-03T15:43:00Z,17.33,5021
2020-03-03T15:44:00Z,17.29,5021
2020-03-03T15:45:00Z,17.33,5028
2020-03-03T15:46:00Z,17.33,5042
2020-03-03T15:47:00Z,17.33,5025
2020-03-03T15:48:00Z,17.33,5052
2020-03-03T15:49:00Z,17.33,5032
2020-03-03T15:50:00Z,17.29,5004
2020-03-03T15:51:00Z,17.29,4977
2020-03-03T15:52:00Z,17.29,5080
2020-03-03T15:53:00Z,17.24,5060
2020-03-03T15:54:00Z,17.29,5101
2020-03-03T15:55:00Z,17.29,5070
2020-03-03T15:56:00Z,17.29,5101
2020-03-03T15:57:00Z,17.24,5094
2020-03-03T15:58:00Z,17.24,5066
2020-03-03T15:59:00Z,17.24,5018
2020-03-03T16:00:00Z,17.24,4406
2020-03-03T16:01:00Z,17.24,4426
2020-03-03T16:02:00Z,17.2,4433
2020-03-03T16:03:00Z,17.2,4436
2020-03-03T16:04:00Z,17.24,4422
2020-03-03T16:05:00Z,17.2,4444
2020-03-03T16:06:00Z,17.2,4420
2020-03-03T16:07:00Z,17.2,4422
2020-03-03T16:08:00Z,17.2,4420
2020-03-03T16:09:00Z,17.2,4451
2020-03-03T16:10:00Z,17.2,4447
2020-03-03T16:11:00Z,17.2,4444
2020-03-03T16:12:00Z,17.16,4412
2020-03-03T16:13:00Z,17.2,4433
2020-03-03T16:14:00Z,17.2,4402
2020-03-03T16:15:00Z,17.2,4360
2020-03-03T16:16:00Z,17.16,4499
2020-03-03T16:17:00Z,17.16,4416
2020-03-03T16:18:00Z,17.24,4388
2020-03-03T16:19:00Z,17.2,4408
2020-03-03T16:20:00Z,17.2,4416
2020-03-03T16:21:00Z,17.24,4465
2020-03-03T16:22:00Z,17.24,4406
2020-03-03T16:23:00Z,17.24,4412
2020-03-03T16:24:00Z,17.2,4440
2020-03-03T16:25:00Z,17.2,4412
2020-03-03T16:26:00Z,17.2,4402
2020-03-03T16:27:00Z,17.2,4412
2020-03-03T16:28:00Z,17.2,4412
2020-03-03T16:29:00Z,17.2,4447
2020-03-03T16:30:00Z,17.2,4398
2020-03-03T16:31:00Z,17.24,4471
2020-03-03T16:32:00Z,17.2,4402
2020-03-03T16:33:00Z,17.16,4381
2020-03-03T16:34:00Z,17.2,4406
2020-03-03T16:35:00Z,17.2,4406
2020-03-03T16:36:00Z,17.2,4408
2020-03-03T16:37:00Z,17.16,4406
2020-03-03T16:38:00Z,17.11,4447
2020-03-03T16:39:00Z,17.16,4406
2020-03-03T16:40:00Z,17.16,4408
2020-03-03T16:41:00Z,17.24,4416
2020-03-03T16:42:00Z,17.24,4402
2020-03-03T16:43:00Z,17.2,4436
2020-03-03T16:44:00Z,17.29,4396
2020-03-03T16:45:00Z,17.24,4436
2020-03-03T16:46:00Z,17.2,4374
2020-03-03T16:47:00Z,17.2,4479
2020-03-03T16:48:00Z,17.2,4408
2020-03-03T16:49:00Z,17.2,4412
2020-03-03T16:50:00Z,17.24,4430
2020-03-03T16:51:00Z,17.16,4422
2020-03-03T16:52:00Z,17.2,4416
2020-03-03T16:53:00Z,17.2,4444
2020-03-03T16:54:00Z,17.24,4396
2020-03-03T16:55:00Z,17.2,4447
2020-03-03T16:56:00Z,17.2,4370
2020-03-03T16:57:00Z,17.2,4388
2020-03-03T16:58:00Z,17.2,4426
2020-03-03T16:59:00Z,17.2,4430
2020-03-03T17:00:00Z,17.2,3564
2020-03-03T17:01:00Z,17.16,3578
2020-03-03T17:02:00Z,17.11,3570
2020-03-03T17:03:00Z,17.2,3566
2020-03-03T17:04:00Z,17.16,3227
2020-03-03T17:05:00Z,17.2,3521
2020-03-03T17:06:00Z,17.2,3535
2020-03-03T17:07:00Z,17.2,3521
2020-03-03T17:08:00Z,17.2,3521
2020-03-03T17:09:00Z,17.2,3507
2020-03-03T17:10:00Z,17.16,3528
2020-03-03T17:11:00Z,17.16,3515
2020-03-03T17:12:00Z,17.16,3525
2020-03-03T17:13:00Z,17.16,3507
2020-03-03T17:14:00Z,17.11,3515
2020-03-03T17:15:00Z,17.11,3511
2020-03-03T17:16:00Z,17.11,3511
2020-03-03T17:17:00Z,17.16,3566
2020-03-03T17:18:00Z,17.16,3517
2020-03-03T17:19:00Z,17.16,3539
2020-03-03T17:20:00Z,17.16,3521
2020-03-03T17:21:00Z,17.11,3507
2020-03-03T17:22:00Z,17.11,3525
2020-03-03T17:23:00Z,17.16,3525
2020-03-03T17:24:00Z,17.16,3507
2020-03-03T17:25:00Z,17.16,3532
2020-03-03T17:26:00Z,17.11,3506
2020-03-03T17:27:00Z,17.16,3546
2020-03-03T17:28:00Z,17.2,3493
2020-03-03T17:29:00Z,17.16,3517
2020-03-03T17:30:00Z,17.16,3507
2020-03-03T17:31:00Z,17.2,3525
2020-03-03T17:32:00Z,17.16,3530
2020-03-03T17:33:00Z,17.16,3539
2020-03-03T17:34:00Z,17.16,3516
2020-03-03T17:35:00Z,17.16,3517
2020-03-03T17:36:00Z,17.07,3493
2020-03-03T17:37:00Z,17.11,3532
2020-03-03T17:38:00Z,17.16,3521
2020-03-03T17:39:00Z,17.16,3532
2020-03-03T17:40:00Z,17.16,3473
2020-03-03T17:41:00Z,17.11,3525
2020-03-03T17:42:00Z,17.16,3511
2020-03-03T17:43:00Z,17.16,3535
2020-03-03T17:44:00Z,17.16,3496
2020-03-03T17:45:00Z,17.16,3511
2020-03-03T17:46:00Z,17.11,3511
2020-03-03T17:47:00Z,17.2,3525
2020-03-03T17:48:00Z,17.2,3517
2020-03-03T17:49:00Z,17.2,3493
2020-03-03T17:50:00Z,17.24,3542
2020-03-03T17:51:00Z,17.2,3517
2020-03-03T17:52:00Z,17.24,3462
2020-03-03T17:53:00Z,17.16,3429
2020-03-03T17:54:00Z,17.2,3389
2020-03-03T17:55:00Z,17.2,3363
2020-03-03T17:56:00Z,17.2,3361
2020-03-03T17:57:00Z,17.2,3361
2020-03-03T17:58:00Z,17.2,3366
2020-03-03T17:59:00Z,17.24,3386
2020-03-03T18:00:00Z,17.24,3411
2020-03-03T18:01:00Z,17.2,2540
2020-03-03T18:02:00Z,17.16,2582
2020-03-03T18:03:00Z,17.16,2563
2020-03-03T18:04:00Z,17.16,2570
2020-03-03T18:05:00Z,17.16,2561
2020-03-03T18:06:00Z,17.2,2572
2020-03-03T18:07:00Z,17.24,2593
2020-03-03T18:08:00Z,17.2,2568
2020-03-03T18:09:00Z,17.24,2580
2020-03-03T18:10:00Z,17.16,2568
2020-03-03T18:11:00Z,17.16,2577
2020-03-03T18:12:00Z,17.16,2580
2020-03-03T18:13:00Z,17.16,2552
2020-03-03T18:14:00Z,17.16,2579
2020-03-03T18:15:00Z,17.2,2568
2020-03-03T18:16:00Z,17.16,2582
2020-03-03T18:17:00Z,17.2,2579
2020-03-03T18:18:00Z,17.16,2588
2020-03-03T18:19:00Z,17.2,2593
2020-03-03T18:20:00Z,17.2,2586
2020-03-03T18:21:00Z,17.16,2568
2020-03-03T18:22:00Z,17.16,2594
2020-03-03T18:23:00Z,17.16,2586
2020-03-03T18:24:00Z,17.16,2594
2020-03-03T18:25:00Z,17.2,2584
2020-03-03T18:26:00Z,17.2,2620
2020-03-03T18:27:00Z,17.2,2579
2020-03-03T18:28:00Z,17.2,2612
2020-03-03T18:29:00Z,17.16,2610
2020-03-03T18:30:00Z,17.11,2594
2020-03-03T18:31:00Z,17.16,2610
2020-03-03T18:32:00Z,17.11,2603
2020-03-03T18:33:00Z,17.11,2573
2020-03-03T18:34:00Z,17.11,2605
2020-03-03T18:35:00Z,17.07,2593
2020-03-03T18:36:00Z,17.11,2618
2020-03-03T18:37:00Z,17.16,2603
2020-03-03T18:38:00Z,17.16,2615
2020-03-03T18:39:00Z,17.2,2566
2020-03-03T18:40:00Z,17.24,2596
2020-03-03T18:41:00Z,17.2,2591
2020-03-03T18:42:00Z,17.24,2620
2020-03-03T18:43:00Z,17.2,2620
2020-03-03T18:44:00Z,17.16,2579
2020-03-03T18:45:00Z,17.2,2586
2020-03-03T18:46:00Z,17.16,2580
2020-03-03T18:47:00Z,17.2,2648
2020-03-03T18:48:00Z,17.16,2593
2020-03-03T18:49:00Z,17.2,2629
2020-03-03T18:50:00Z,17.2,2588
2020-03-03T18:51:00Z,17.2,2598
2020-03-03T18:52:00Z,17.16,2598
2020-03-03T18:53:00Z,17.11,2634
2020-03-03T18:54:00Z,17.2,2584
2020-03-03T18:55:00Z,17.2,2617
2020-03-03T18:56:00Z,17.2,2596
2020-03-03T18:57:00Z,17.24,2588
2020-03-03T18:58:00Z,17.16,2600
2020-03-03T18:59:00Z,17.2,2601
2020-03-03T19:00:00Z,17.16,1756
2020-03-03T19:01:00Z,17.2,1754
2020-03-03T19:02:00Z,17.2,1748
2020-03-03T19:03:00Z,17.16,1733
2020-03-03T19:04:00Z,17.16,1752
2020-03-03T19:05:00Z,17.11,1726
2020-03-03T19:06:00Z,17.16,1710
2020-03-03T19:07:00Z,17.11,1738
2020-03-03T19:08:00Z,17.11,1733
2020-03-03T19:09:00Z,17.16,1733
2020-03-03T19:10:00Z,17.2,1726
2020-03-03T19:11:00Z,17.11,1731
2020-03-03T19:12:00Z,17.16,1736
2020-03-03T19:13:00Z,17.16,1731
2020-03-03T19:14:00Z,17.16,1743
2020-03-03T19:15:00Z,17.16,1750
2020-03-03T19:16:00Z,17.11,1734
2020-03-03T19:17:00Z,17.2,1736
2020-03-03T19:18:00Z,17.16,1747
2020-03-03T19:19:00Z,17.16,1740
2020-03-03T19:20:00Z,17.16,1734
2020-03-03T19:21:00Z,17.16,1736
2020-03-03T19:22:00Z,17.11,1738
2020-03-03T19:23:00Z,17.16,1745
2020-03-03T19:24:00Z,17.16,1738
2020-03-03T19:25:00Z,17.2,1729
2020-03-03T19:26:00Z,17.2,1745
2020-03-03T19:27:00Z,17.16,1734
2020-03-03T19:28:00Z,17.16,1736
2020-03-03T19:29:00Z,17.16,1733
2020-03-03T19:30:00Z,17.11,1726
2020-03-03T19:31:00Z,17.2,1748
2020-03-03T19:32:00Z,17.16,1740
2020-03-03T19:33:00Z,17.16,1734
2020-03-03T19:34:00Z,17.16,1736
2020-03-03T19:35:00Z,17.16,1759
2020-03-03T19:36:00Z,17.11,1726
2020-03-03T19:37:00Z,17.11,1750
2020-03-03T19:38:00Z,17.11,1724
2020-03-03T19:39:00Z,17.11,1740
2020-03-03T19:40:00Z,17.16,1726
2020-03-03T19:41:00Z,17.16,1738
2020-03-03T19:42:00Z,17.2,1734
2020-03-03T19:43:00Z,17.2,1734
2020-03-03T19:44:00Z,17.16,1736
2020-03-03T19:45:00Z,17.16,1745
2020-03-03T19:46:00Z,17.16,1734
2020-03-03T19:47:00Z,17.16,1733
2020-03-03T19:48:00Z,17.16,1738
2020-03-03T19:49:00Z,17.2,1750
2020-03-03T19:50:00Z,17.16,1726
2020-03-03T19:51:00Z,17.11,1738
2020-03-03T19:52:00Z,17.11,1731
2020-03-03T19:53:00Z,17.16,1748
2020-03-03T19:54:00Z,17.11,1743
2020-03-03T19:55:00Z,17.16,1736
2020-03-03T19:56:00Z,17.16,1738
2020-03-03T19:57:00Z,17.2,1721
2020-03-03T19:58:00Z,17.2,1727
2020-03-03T19:59:00Z,17.2,1736
2020-03-03T20:00:00Z,17.2,881
2020-03-03T20:01:00Z,17.16,867
2020-03-03T20:02:00Z,17.07,871
2020-03-03T20:03:00Z,17.16,867
2020-03-03T20:04:00Z,17.11,857
2020-03-03T20:05:00Z,17.16,865
2020-03-03T20:06:00Z,17.16,867
2020-03-03T20:07:00Z,17.16,864
2020-03-03T20:08:00Z,17.11,866
2020-03-03T20:09:00Z,17.07,864
2020-03-03T20:10:00Z,17.07,861
2020-03-03T20:11:00Z,17.11,871
2020-03-03T20:12:00Z,17.07,866
2020-03-03T20:13:00Z,17.03,859
2020-03-03T20:14:00Z,17.03,867
2020-03-03T20:15:00Z,17.07,864
2020-03-03T20:16:00Z,17.07,867
2020-03-03T20:17:00Z,17.03,867
2020-03-03T20:18:00Z,17.11,866
2020-03-03T20:19:00Z,17.07,864
2020-03-03T20:20:00Z,17.07,865
2020-03-03T20:21:00Z,17.07,862
2020-03-03T20:22:00Z,17.03,862
2020-03-03T20:23:00Z,17.07,869
2020-03-03T20:24:00Z,17.11,863
2020-03-03T20:25:00Z,17.07,867
2020-03-03T20:26:00Z,17.07,860
2020-03-03T20:27:00Z,17.07,868
2020-03-03T20:28:00Z,17.07,852
2020-03-03T20:29:00Z,17.07,862
2020-03-03T20:30:00Z,17.07,858
2020-03-03T20:31:00Z,17.07,862
2020-03-03T20:32:00Z,17.11,866
2020-03-03T20:33:00Z,17.03,865
2020-03-03T20:34:00Z,17.07,864
2020-03-03T20:35:00Z,17.03,867
2020-03-03T20:36:00Z,17.07,867
2020-03-03T20:37:00Z,17.03,864
2020-03-03T20:38:00Z,17.07,867
2020-03-03T20:39:00Z,17.03,864
2020-03-03T20:40:00Z,17.07,866
2020-03-03T20:41:00Z,17.07,866
2020-03-03T20:42:00Z,17.03,869
2020-03-03T20:43:00Z,17.03,865
2020-03-03T20:44:00Z,17.03,860
2020-03-03T20:45:00Z,17.07,862
2020-03-03T20:46:00Z,17.03,858
2020-03-03T20:47:00Z,17.07,867
2020-03-03T20:48:00Z,17.07,847
2020-03-03T20:49:00Z,17.07,870
2020-03-03T20:50:00Z,17.11,857
2020-03-03T20:51:00Z,17.07,876
2020-03-03T20:52:00Z,17.07,864
2020-03-03T20:53:00Z,17.03,862
2020-03-03T20:54:00Z,17.07,862
2020-03-03T20:55:00Z,17.03,860
2020-03-03T20:56:00Z,17.07,860
2020-03-03T20:57:00Z,17.07,850
2020-03-03T20:58:00Z,17.11,860
2020-03-03T20:59:00Z,17.07,860
2020-03-03T21:00:00Z,17.07,856
2020-03-03T21:01:00Z,17.03,141
2020-03-03T21:02:00Z,17.03,139
2020-03-03T21:03:00Z,17.03,142
2020-03-03T21:04:00Z,17.03,141
2020-03-03T21:05:00Z,17.07,139
2020-03-03T21:06:00Z,17.07,141
2020-03-03T21:07:00Z,17.11,141
2020-03-03T21:08:00Z,17.03,139
2020-03-03T21:09:00Z,17.03,141
2020-03-03T21:10:00Z,17.03,141
2020-03-03T21:11:00Z,17.03,139
2020-03-03T21:12:00Z,17.03,139
2020-03-03T21:13:00Z,17.11,141
2020-03-03T21:14:00Z,17.07,140
2020-03-03T21:15:00Z,17.07,140
2020-03-03T21:16:00Z,17.03,140
2020-03-03T21:17:00Z,17.03,140
2020-03-03T21:18:00Z,17.07,140
2020-03-03T21:19:00Z,17.03,141
2020-03-03T21:20:00Z,17.03,141
2020-03-03T21:21:00Z,17.07,140
2020-03-03T21:22:00Z,17.11,139
2020-03-03T21:23:00Z,17.03,139
2020-03-03T21:24:00Z,17.03,140
2020-03-03T21:25:00Z,17.07,140
2020-03-03T21:26:00Z,17.03,139
2020-03-03T21:27:00Z,17.03,139
2020-03-03T21:28:00Z,17.07,139
2020-03-03T21:29:00Z,17.03,140
2020-03-03T21:30:00Z,17.11,140
2020-03-03T21:31:00Z,17.07,140
2020-03-03T21:32:00Z,17.03,141
2020-03-03T21:33:00Z,17.07,140
2020-03-03T21:34:00Z,17.03,139
2020-03-03T21:35:00Z,17.03,140
2020-03-03T21:36:00Z,17.07,141
2020-03-03T21:37:00Z,17.03,140
2020-03-03T21:38:00Z,17.07,139
2020-03-03T21:39:00Z,17.11,140
2020-03-03T21:40:00Z,17.11,140
2020-03-03T21:41:00Z,17.11,141
2020-03-03T21:42:00Z,17.11,140
2020-03-03T21:43:00Z,17.07,139
2020-03-03T21:44:00Z,17.11,140
2020-03-03T21:45:00Z,17.11,140
2020-03-03T21:46:00Z,17.07,139
2020-03-03T21:47:00Z,17.07,139
2020-03-03T21:48:00Z,17.11,139
2020-03-03T21:49:00Z,17.16,142
2020-03-03T21:50:00Z,17.11,140
2020-03-03T21:51:00Z,17.16,139
2020-03-03T21:52:00Z,17.16,141
2020-03-03T21:53:00Z,17.11,139
2020-03-03T21:54:00Z,17.07,139
2020-03-03T21:55:00Z,17.11,140
2020-03-03T21:56:00Z,17.07,140
2020-03-03T21:57:00Z,17.11,140
2020-03-03T21:58:00Z,17.11,140
2020-03-03T21:59:00Z,17.11,137
2020-03-03T22:00:00Z,17.16,139
2020-03-03T22:01:00Z,17.16,1736
2020-03-03T22:02:00Z,17.2,1736
2020-03-03T22:03:00Z,17.16,1747
2020-03-03T22:04:00Z,17.16,1747
2020-03-03T22:05:00Z,17.11,1722
2020-03-03T22:06:00Z,17.11,1738
2020-03-03T22:07:00Z,17.11,1738
2020-03-03T22:08:00Z,17.16,1736
2020-03-03T22:09:00Z,17.16,1731
2020-03-03T22:10:00Z,17.2,1741
2020-03-03T22:11:00Z,17.2,1741
2020-03-03T22:12:00Z,17.16,1727
2020-03-03T22:13:00Z,17.16,1726
2020-03-03T22:14:00Z,17.16,1734
2020-03-03T22:15:00Z,17.16,1717
2020-03-03T22:16:00Z,17.16,1736
2020-03-03T22:17:00Z,17.16,1734
2020-03-03T22:18:00Z,17.2,1731
2020-03-03T22:19:00Z,17.16,1734
2020-03-03T22:20:00Z,17.16,1783
2020-03-03T22:21:00Z,17.16,1724
2020-03-03T22:22:00Z,17.16,1745
2020-03-03T22:23:00Z,17.11,1736
2020-03-03T22:24:00Z,17.16,1726
2020-03-03T22:25:00Z,17.16,1733
2020-03-03T22:26:00Z,17.2,1736
2020-03-03T22:27:00Z,17.16,1722
2020-03-03T22:28:00Z,17.2,1719
2020-03-03T22:29:00Z,17.16,1726
2020-03-03T22:30:00Z,17.16,1733
2020-03-03T22:31:00Z,17.2,1715
2020-03-03T22:32:00Z,17.16,1721
2020-03-03T22:33:00Z,17.16,1712
2020-03-03T22:34:00Z,17.11,1726
2020-03-03T22:35:00Z,17.2,1727
2020-03-03T22:36:00Z,17.2,1714
2020-03-03T22:37:00Z,17.16,1696
2020-03-03T22:38:00Z,17.16,1722
2020-03-03T22:39:00Z,17.16,1763
2020-03-03T22:40:00Z,17.16,1750
2020-03-03T22:41:00Z,17.11,1719
2020-03-03T22:42:00Z,17.11,1710
2020-03-03T22:43:00Z,17.07,1736
2020-03-03T22:44:00Z,17.2,1722
2020-03-03T22:45:00Z,17.07,1731
2020-03-03T22:46:00Z,17.07,1722
2020-03-03T22:47:00Z,17.11,1729
2020-03-03T22:48:00Z,17.11,1738
2020-03-03T22:49:00Z,17.11,1724
2020-03-03T22:50:00Z,17.11,1741
2020-03-03T22:51:00Z,17.07,1726
2020-03-03T22:52:00Z,17.11,1736
2020-03-03T22:53:00Z,17.07,1736
2020-03-03T22:54:00Z,17.07,1738
2020-03-03T22:55:00Z,17.07,1726
2020-03-03T22:56:00Z,17.11,1729
2020-03-03T22:57:00Z,17.07,1726
2020-03-03T22:58:00Z,17.11,1731
2020-03-03T22:59:00Z,17.16,1726
2020-03-03T23:00:00Z,17.11,1726
2020-03-03T23:01:00Z,17.11,3786
2020-03-03T23:02:00Z,17.11,3800
2020-03-03T23:03:00Z,17.16,3779
2020-03-03T23:04:00Z,17.11,3748
2020-03-03T23:05:00Z,17.2,3768
2020-03-03T23:06:00Z,17.16,3768
2020-03-03T23:07:00Z,17.16,3764
2020-03-03T23:08:00Z,17.2,3776
2020-03-03T23:09:00Z,17.16,3779
2020-03-03T23:10:00Z,17.16,3772
2020-03-03T23:11:00Z,17.11,3764
2020-03-03T23:12:00Z,17.16,3782
2020-03-03T23:13:00Z,17.16,3740
2020-03-03T23:14:00Z,17.2,3768
2020-03-03T23:15:00Z,17.24,3782
2020-03-03T23:16:00Z,17.24,3782
2020-03-03T23:17:00Z,17.24,3762
2020-03-03T23:18:00Z,17.29,3825
2020-03-03T23:19:00Z,17.2,3796
2020-03-03T23:20:00Z,17.2,3796
2020-03-03T23:21:00Z,17.2,3772
2020-03-03T23:22:00Z,17.24,3762
2020-03-03T23:23:00Z,17.2,3754
2020-03-03T23:24:00Z,17.24,3740
2020-03-03T23:25:00Z,17.24,3831
2020-03-03T23:26:00Z,17.24,3758
2020-03-03T23:27:00Z,17.24,3789
2020-03-03T23:28:00Z,17.24,3744
2020-03-03T23:29:00Z,17.16,3776
2020-03-03T23:30:00Z,17.16,3758
2020-03-03T23:31:00Z,17.2,3776
2020-03-03T23:32:00Z,17.24,3813
2020-03-03T23:33:00Z,17.24,3779
2020-03-03T23:34:00Z,17.24,3764
2020-03-03T23:35:00Z,17.24,3776
2020-03-03T23:36:00Z,17.24,3782
2020-03-03T23:37:00Z,17.24,3786
2020-03-03T23:38:00Z,17.2,3772
2020-03-03T23:39:00Z,17.2,3776
2020-03-03T23:40:00Z,17.2,3796
2020-03-03T23:41:00Z,17.2,3744
2020-03-03T23:42:00Z,17.24,3772
2020-03-03T23:43:00Z,17.29,3776
2020-03-03T23:44:00Z,17.29,3779
2020-03-03T23:45:00Z,17.24,3748
2020-03-03T23:46:00Z,17.29,3748
2020-03-03T23:47:00Z,17.24,3779
2020-03-03T23:48:00Z,17.2,3748
2020-03-03T23:49:00Z,17.2,3776
2020-03-03T23:50:00Z,17.24,3772
2020-03-03T23:51:00Z,17.24,3764
2020-03-03T23:52:00Z,17.24,3782
2020-03-03T23:53:00Z,17.2,3754
2020-03-03T23:54:00Z,17.24,3764
2020-03-03T23:55:00Z,17.16,3764
2020-03-03T23:56:00Z,17.24,3758
2020-03-03T23:57:00Z,17.2,3793
2020-03-03T23:58:00Z,17.2,3793
2020-03-03T23:59:00Z,17.2,3762
2020-03-04T00:00:00Z,17.24,31
2020-03-04T00:01:00Z,17.16,31
2020-03-04T00:02:00Z,17.16,31
2020-03-04T00:03:00Z,17.11,31
2020-03-04T00:04:00Z,17.11,31
2020-03-04T00:05:00Z,17.11,31
2020-03-04T00:06:00Z,17.07,31
2020-03-04T00:07:00Z,17.11,31
2020-03-04T00:08:00Z,17.07,31
2020-03-04T00:09:00Z,17.16,31
2020-03-04T00:10:00Z,17.11,31
2020-03-04T00:11:00Z,17.11,31
2020-03-04T00:12:00Z,17.11,31
2020-03-04T00:13:00Z,17.16,31
2020-03-04T00:14:00Z,17.07,31
2020-03-04T00:15:00Z,17.07,31
2020-03-04T00:16:00Z,17.11,31
2020-03-04T00:17:00Z,17.07,31
2020-03-04T00:18:00Z,17.11,31
2020-03-04T00:19:00Z,17.11,31
2020-03-04T00:20:00Z,17.11,31
2020-03-04T00:21:00Z,17.11,31
2020-03-04T00:22:00Z,17.11,31
2020-03-04T00:23:00Z,17.07,31
2020-03-04T00:24:00Z,17.07,31
2020-03-04T00:25:00Z,17.07,31
2020-03-04T00:26:00Z,17.07,31
2020-03-04T00:27:00Z,17.11,31
2020-03-04T00:28:00Z,17.16,31
2020-03-04T00:29:00Z,17.11,31
2020-03-04T00:30:00Z,17.07,31
2020-03-04T00:31:00Z,17.07,31
2020-03-04T00:32:00Z,17.07,31
2020-03-04T00:33:00Z,17.07,31
2020-03-04T00:34:00Z,17.07,31
2020-03-04T00:35:00Z,17.07,31
2020-03-04T00:36:00Z,17.11,31
2020-03-04T00:37:00Z,17.11,31
2020-03-04T00:38:00Z,17.11,31
2020-03-04T00:39:00Z,17.11,31
2020-03-04T00:40:00Z,17.07,31
2020-03-04T00:41:00Z,17.11,31
2020-03-04T00:42:00Z,17.07,31
2020-03-04T00:43:00Z,17.11,31
2020-03-04T00:44:00Z,17.11,31
2020-03-04T00:45:00Z,17.11,31
2020-03-04T00:46:00Z,17.16,31
2020-03-04T00:47:00Z,17.16,31
2020-03-04T00:48:00Z,17.16,31
2020-03-04T00:49:00Z,17.11,31
2020-03-04T00:50:00Z,17.11,31
2020-03-04T00:51:00Z,17.07,31
2020-03-04T00:52:00Z,17.07,31
2020-03-04T00:53:00Z,17.11,31
2020-03-04T00:54:00Z,17.07,31
2020-03-04T00:55:00Z,17.11,31
2020-03-04T00:56:00Z,17.11,31
2020-03-04T00:57:00Z,17.11,31
2020-03-04T00:58:00Z,17.11,31
2020-03-04T00:59:00Z,17.11,31
2020-03-04T01:00:00Z,17.11,449
2020-03-04T01:01:00Z,17.11,451
2020-03-04T01:02:00Z,17.11,449
2020-03-04T01:03:00Z,17.2,454
2020-03-04T01:04:00Z,17.16,448
2020-03-04T01:05:00Z,17.11,455
2020-03-04T01:06:00Z,17.11,452
2020-03-04T01:07:00Z,17.11,454
2020-03-04T01:08:00Z,17.07,451
2020-03-04T01:09:00Z,17.11,452
2020-03-04T01:10:00Z,17.11,450
2020-03-04T01:11:00Z,17.11,453
2020-03-04T01:12:00Z,17.11,453
2020-03-04T01:13:00Z,17.11,450
2020-03-04T01:14:00Z,17.16,453
2020-03-04T01:15:00Z,17.16,452
2020-03-04T01:16:00Z,17.07,450
2020-03-04T01:17:00Z,17.11,450
2020-03-04T01:18:00Z,17.11,453
2020-03-04T01:19:00Z,17.11,449
2020-03-04T01:20:00Z,17.16,447
2020-03-04T01:21:00Z,17.16,453
2020-03-04T01:22:00Z,17.16,448
2020-03-04T01:23:00Z,17.16,449
2020-03-04T01:24:00Z,17.11,452
2020-03-04T01:25:00Z,17.07,454
2020-03-04T01:26:00Z,17.11,451
2020-03-04T01:27:00Z,17.07,454
2020-03-04T01:28:00Z,17.07,452
2020-03-04T01:29:00Z,17.07,451
2020-03-04T01:30:00Z,17.07,454
2020-03-04T01:31:00Z,17.03,450
2020-03-04T01:32:00Z,17.07,455
2020-03-04T01:33:00Z,17.07,453
2020-03-04T01:34:00Z,17.03,453
2020-03-04T01:35:00Z,17.07,451
2020-03-04T01:36:00Z,17.07,450
2020-03-04T01:37:00Z,17.07,455
2020-03-04T01:38:00Z,17.03,459
2020-03-04T01:39:00Z,17.03,455
2020-03-04T01:40:00Z,17.03,451
2020-03-04T01:41:00Z,17.07,452
2020-03-04T01:42:00Z,17.07,451
2020-03-04T01:43:00Z,17.07,452
2020-03-04T01:44:00Z,17.07,452
2020-03-04T01:45:00Z,17.07,454
2020-03-04T01:46:00Z,17.03,452
2020-03-04T01:47:00Z,17.03,448
2020-03-04T01:48:00Z,17.07,454
2020-03-04T01:49:00Z,17.07,453
2020-03-04T01:50:00Z,17.11,459
2020-03-04T01:51:00Z,17.03,461
2020-03-04T01:52:00Z,17.07,468
2020-03-04T01:53:00Z,17.03,457
2020-03-04T01:54:00Z,17.03,460
2020-03-04T01:55:00Z,17.03,455
2020-03-04T01:56:00Z,17.07,459
2020-03-04T01:57:00Z,17.03,459
2020-03-04T01:58:00Z,17.07,466
2020-03-04T01:59:00Z,17.07,459
2020-03-04T02:00:00Z,17.07,461
2020-03-04T02:01:00Z,17.07,1415
2020-03-04T02:02:00Z,17.03,1409
2020-03-04T02:03:00Z,17.07,1402
2020-03-04T02:04:00Z,17.03,1420
2020-03-04T02:05:00Z,17.07,1416
2020-03-04T02:06:00Z,17.11,1425
2020-03-04T02:07:00Z,17.11,1420
2020-03-04T02:08:00Z,17.11,1408
2020-03-04T02:09:00Z,17.2,1424
2020-03-04T02:10:00Z,17.16,1421
2020-03-04T02:11:00Z,17.16,1432
2020-03-04T02:12:00Z,17.16,1427
2020-03-04T02:13:00Z,17.2,1414
2020-03-04T02:14:00Z,17.07,1419
2020-03-04T02:15:00Z,17.16,1428
2020-03-04T02:16:00Z,17.11,1415
2020-03-04T02:17:00Z,17.16,1428
2020-03-04T02:18:00Z,17.2,1424
2020-03-04T02:19:00Z,17.2,1430
2020-03-04T02:20:00Z,17.16,1434
2020-03-04T02:21:00Z,17.16,1430
2020-03-04T02:22:00Z,17.11,1436
2020-03-04T02:23:00Z,17.11,1438
2020-03-04T02:24:00Z,17.11,1441
2020-03-04T02:25:00Z,17.07,1433
2020-03-04T02:26:00Z,17.16,1441
2020-03-04T02:27:00Z,17.16,1434
2020-03-04T02:28:00Z,17.16,1416
2020-03-04T02:29:00Z,17.16,1434
2020-03-04T02:30:00Z,17.16,1439
2020-03-04T02:31:00Z,17.16,1437
2020-03-04T02:32:00Z,17.11,1444
2020-03-04T02:33:00Z,17.11,1432
2020-03-04T02:34:00Z,17.16,1434
2020-03-04T02:35:00Z,17.16,1436
2020-03-04T02:36:00Z,17.16,1432
2020-03-04T02:37:00Z,17.2,1436
2020-03-04T02:38:00Z,17.2,1432
2020-03-04T02:39:00Z,17.11,1428
2020-03-04T02:40:00Z,17.16,1430
2020-03-04T02:41:00Z,17.16,1426
2020-03-04T02:42:00Z,17.16,1431
2020-03-04T02:43:00Z,17.11,1436
2020-03-04T02:44:00Z,17.07,1428
2020-03-04T02:45:00Z,17.07,1434
2020-03-04T02:46:00Z,17.03,1427
2020-03-04T02:47:00Z,17.11,1436
2020-03-04T02:48:00Z,17.11,1437
2020-03-04T02:49:00Z,17.16,1437
2020-03-04T02:50:00Z,17.11,1430
2020-03-04T02:51:00Z,17.16,1434
2020-03-04T02:52:00Z,17.2,1434
2020-03-04T02:53:00Z,17.16,1436
2020-03-04T02:54:00Z,17.16,1427
2020-03-04T02:55:00Z,17.11,1436
2020-03-04T02:56:00Z,17.11,1416
2020-03-04T02:57:00Z,17.07,1430
2020-03-04T02:58:00Z,17.11,1426
2020-03-04T02:59:00Z,17.11,1431
2020-03-04T03:00:00Z,17.16,2276
2020-03-04T03:01:00Z,17.2,2283
2020-03-04T03:02:00Z,17.2,2276
2020-03-04T03:03:00Z,17.2,2290
2020-03-04T03:04:00Z,17.16,2281
2020-03-04T03:05:00Z,17.16,2293
2020-03-04T03:06:00Z,17.16,2283
2020-03-04T03:07:00Z,17.16,2290
2020-03-04T03:08:00Z,17.16,2295
2020-03-04T03:09:00Z,17.16,2281
2020-03-04T03:10:00Z,17.2,2298
2020-03-04T03:11:00Z,17.16,2286
2020-03-04T03:12:00Z,17.2,2298
2020-03-04T03:13:00Z,17.16,2291
2020-03-04T03:14:00Z,17.16,2286
2020-03-04T03:15:00Z,17.16,2290
2020-03-04T03:16:00Z,17.16,2283
2020-03-04T03:17:00Z,17.2,2296
2020-03-04T03:18:00Z,17.2,2284
2020-03-04T03:19:00Z,17.2,2284
2020-03-04T03:20:00Z,17.24,2288
2020-03-04T03:21:00Z,17.2,2284
2020-03-04T03:22:00Z,17.16,2305
2020-03-04T03:23:00Z,17.16,2293
2020-03-04T03:24:00Z,17.11,2300
2020-03-04T03:25:00Z,17.16,2295
2020-03-04T03:26:00Z,17.2,2288
2020-03-04T03:27:00Z,17.16,2283
2020-03-04T03:28:00Z,17.2,2295
2020-03-04T03:29:00Z,17.24,2288
2020-03-04T03:30:00Z,17.16,2279
2020-03-04T03:31:00Z,17.2,2291
2020-03-04T03:32:00Z,17.16,2279
2020-03-04T03:33:00Z,17.16,2284
2020-03-04T03:34:00Z,17.16,2278
2020-03-04T03:35:00Z,17.2,2271
2020-03-04T03:36:00Z,17.16,2267
2020-03-04T03:37:00Z,17.16,2272
2020-03-04T03:38:00Z,17.16,2283
2020-03-04T03:39:00Z,17.11,2279
2020-03-04T03:40:00Z,17.16,2290
2020-03-04T03:41:00Z,17.2,2302
2020-03-04T03:42:00Z,17.2,2274
2020-03-04T03:43:00Z,17.2,2264
2020-03-04T03:44:00Z,17.2,2279
2020-03-04T03:45:00Z,17.2,2284
2020-03-04T03:46:00Z,17.16,2278
2020-03-04T03:47:00Z,17.16,2290
2020-03-04T03:48:00Z,17.16,2244
2020-03-04T03:49:00Z,17.11,2296
2020-03-04T03:50:00Z,17.16,2278
2020-03-04T03:51:00Z,17.11,2257
2020-03-04T03:52:00Z,17.11,2269
2020-03-04T03:53:00Z,17.11,2274
2020-03-04T03:54:00Z,17.16,2283
2020-03-04T03:55:00Z,17.11,2284
2020-03-04T03:56:00Z,17.16,2283
2020-03-04T03:57:00Z,17.11,2288
2020-03-04T03:58:00Z,17.07,2284
2020-03-04T03:59:00Z,17.11,2296
2020-03-04T04:00:00Z,17.07,3085
2020-03-04T04:01:00Z,17.07,3094
2020-03-04T04:02:00Z,17.11,3062
2020-03-04T04:03:00Z,17.2,3062
2020-03-04T04:04:00Z,17.16,3077
2020-03-04T04:05:00Z,17.2,3067
2020-03-04T04:06:00Z,17.2,3077
2020-03-04T04:07:00Z,17.2,3086
2020-03-04T04:08:00Z,17.2,3089
2020-03-04T04:09:00Z,17.24,3072
2020-03-04T04:10:00Z,17.2,3076
2020-03-04T04:11:00Z,17.2,3062
2020-03-04T04:12:00Z,17.2,3095
2020-03-04T04:13:00Z,17.2,3076
2020-03-04T04:14:00Z,17.24,3076
2020-03-04T04:15:00Z,17.24,3072
2020-03-04T04:16:00Z,17.24,3066
2020-03-04T04:17:00Z,17.16,3072
2020-03-04T04:18:00Z,17.2,3091
2020-03-04T04:19:00Z,17.2,3085
2020-03-04T04:20:00Z,17.16,3077
2020-03-04T04:21:00Z,17.16,3096
2020-03-04T04:22:00Z,17.2,3086
2020-03-04T04:23:00Z,17.2,3099
2020-03-04T04:24:00Z,17.2,3075
2020-03-04T04:25:00Z,17.2,3101
2020-03-04T04:26:00Z,17.16,3055
2020-03-04T04:27:00Z,17.16,3081
2020-03-04T04:28:00Z,17.16,3026
2020-03-04T04:29:00Z,17.2,3080
2020-03-04T04:30:00Z,17.24,3069
2020-03-04T04:31:00Z,17.2,3075
2020-03-04T04:32:00Z,17.24,3104
2020-03-04T04:33:00Z,17.24,3076
2020-03-04T04:34:00Z,17.16,3109
2020-03-04T04:35:00Z,17.16,3081
2020-03-04T04:36:00Z,17.24,3089
2020-03-04T04:37:00Z,17.2,3089
2020-03-04T04:38:00Z,17.2,3082
2020-03-04T04:39:00Z,17.2,3069
2020-03-04T04:40:00Z,17.2,3075
2020-03-04T04:41:00Z,17.24,3067
2020-03-04T04:42:00Z,17.16,3086
2020-03-04T04:43:00Z,17.16,3081
2020-03-04T04:44:00Z,17.2,3069
2020-03-04T04:45:00Z,17.2,3067
2020-03-04T04:46:00Z,17.2,3058
2020-03-04T04:47:00Z,17.16,3085
2020-03-04T04:48:00Z,17.2,3081
2020-03-04T04:49:00Z,17.16,3100
2020-03-04T04:50:00Z,17.16,3149
2020-03-04T04:51:00Z,17.16,3091
2020-03-04T04:52:00Z,17.16,3072
2020-03-04T04:53:00Z,17.16,3076
2020-03-04T04:54:00Z,17.2,3062
2020-03-04T04:55:00Z,17.24,3069
2020-03-04T04:56:00Z,17.24,3045
2020-03-04T04:57:00Z,17.24,3077
2020-03-04T04:58:00Z,17.2,3072
2020-03-04T04:59:00Z,17.2,3099
2020-03-04T05:00:00Z,17.24,3779
2020-03-04T05:01:00Z,17.2,3738
2020-03-04T05:02:00Z,17.16,3796
2020-03-04T05:03:00Z,17.2,3776
2020-03-04T05:04:00Z,17.2,3772
2020-03-04T05:05:00Z,17.24,3796
2020-03-04T05:06:00Z,17.24,3776
2020-03-04T05:07:00Z,17.24,3789
2020-03-04T05:08:00Z,17.2,3779
2020-03-04T05:09:00Z,17.24,3786
2020-03-04T05:10:00Z,17.2,3764
2020-03-04T05:11:00Z,17.2,3796
2020-03-04T05:12:00Z,17.2,3789
2020-03-04T05:13:00Z,17.2,3764
2020-03-04T05:14:00Z,17.24,3796
2020-03-04T05:15:00Z,17.24,3789
2020-03-04T05:16:00Z,17.24,3800
2020-03-04T05:17:00Z,17.24,3807
2020-03-04T05:18:00Z,17.2,3796
2020-03-04T05:19:00Z,17.2,3779
2020-03-04T05:20:00Z,17.2,3800
2020-03-04T05:21:00Z,17.24,3849
2020-03-04T05:22:00Z,17.24,3800
2020-03-04T05:23:00Z,17.24,3772
2020-03-04T05:24:00Z,17.24,3782
2020-03-04T05:25:00Z,17.2,3782
2020-03-04T05:26:00Z,17.2,3776
2020-03-04T05:27:00Z,17.24,3827
2020-03-04T05:28:00Z,17.24,3789
2020-03-04T05:29:00Z,17.2,3796
2020-03-04T05:30:00Z,17.24,3782
2020-03-04T05:31:00Z,17.24,3758
2020-03-04T05:32:00Z,17.29,3744
2020-03-04T05:33:00Z,17.24,3786
2020-03-04T05:34:00Z,17.24,3789
2020-03-04T05:35:00Z,17.16,3786
2020-03-04T05:36:00Z,17.2,3779
2020-03-04T05:37:00Z,17.2,3776
2020-03-04T05:38:00Z,17.24,3776
2020-03-04T05:39:00Z,17.24,3782
2020-03-04T05:40:00Z,17.2,3793
2020-03-04T05:41:00Z,17.2,3782
2020-03-04T05:42:00Z,17.2,3800
2020-03-04T05:43:00Z,17.2,3779
2020-03-04T05:44:00Z,17.2,3796
2020-03-04T05:45:00Z,17.2,3776
2020-03-04T05:46:00Z,17.24,3782
2020-03-04T05:47:00Z,17.24,3748
2020-03-04T05:48:00Z,17.24,3807
2020-03-04T05:49:00Z,17.2,3754
2020-03-04T05:50:00Z,17.24,3811
2020-03-04T05:51:00Z,17.24,3720
2020-03-04T05:52:00Z,17.2,3748
2020-03-04T05:53:00Z,17.2,3789
2020-03-04T05:54:00Z,17.2,3803
2020-03-04T05:55:00Z,17.24,3817
2020-03-04T05:56:00Z,17.24,3776
2020-03-04T05:57:00Z,17.2,3782
2020-03-04T05:58:00Z,17.2,3776
2020-03-04T05:59:00Z,17.2,3754
2020-03-04T06:00:00Z,17.16,3779
2020-03-04T06:01:00Z,17.24,4566
2020-03-04T06:02:00Z,17.24,4531
2020-03-04T06:03:00Z,17.29,4562
2020-03-04T06:04:00Z,17.29,4580
2020-03-04T06:05:00Z,17.24,4580
2020-03-04T06:06:00Z,17.29,4538
2020-03-04T06:07:00Z,17.24,4548
2020-03-04T06:08:00Z,17.24,4481
2020-03-04T06:09:00Z,17.24,4562
2020-03-04T06:10:00Z,17.24,4524
2020-03-04T06:11:00Z,17.24,4509
2020-03-04T06:12:00Z,17.24,4517
2020-03-04T06:13:00Z,17.29,4495
2020-03-04T06:14:00Z,17.29,4475
2020-03-04T06:15:00Z,17.24,4541
2020-03-04T06:16:00Z,17.24,4541
2020-03-04T06:17:00Z,17.24,4568
2020-03-04T06:18:00Z,17.24,4509
2020-03-04T06:19:00Z,17.24,4531
2020-03-04T06:20:00Z,17.24,4527
2020-03-04T06:21:00Z,17.24,4562
2020-03-04T06:22:00Z,17.24,4556
2020-03-04T06:23:00Z,17.29,4531
2020-03-04T06:24:00Z,17.24,4544
2020-03-04T06:25:00Z,17.24,4531
2020-03-04T06:26:00Z,17.2,4527
2020-03-04T06:27:00Z,17.2,4541
2020-03-04T06:28:00Z,17.24,4548
2020-03-04T06:29:00Z,17.29,4503
2020-03-04T06:30:00Z,17.24,4524
2020-03-04T06:31:00Z,17.29,4520
2020-03-04T06:32:00Z,17.24,4552
2020-03-04T06:33:00Z,17.29,4568
2020-03-04T06:34:00Z,17.24,4552
2020-03-04T06:35:00Z,17.2,4531
2020-03-04T06:36:00Z,17.2,4556
2020-03-04T06:37:00Z,17.2,4548
2020-03-04T06:38:00Z,17.2,4538
2020-03-04T06:39:00Z,17.16,4562
2020-03-04T06:40:00Z,17.16,4562
2020-03-04T06:41:00Z,17.16,4552
2020-03-04T06:42:00Z,17.2,4534
2020-03-04T06:43:00Z,17.2,4562
2020-03-04T06:44:00Z,17.2,4527
2020-03-04T06:45:00Z,17.2,4580
2020-03-04T06:46:00Z,17.16,4524
2020-03-04T06:47:00Z,17.16,4558
2020-03-04T06:48:00Z,17.16,4614
2020-03-04T06:49:00Z,17.2,4556
2020-03-04T06:50:00Z,17.2,4593
2020-03-04T06:51:00Z,17.2,4590
2020-03-04T06:52:00Z,17.16,4572
2020-03-04T06:53:00Z,17.24,4566
2020-03-04T06:54:00Z,17.2,4576
2020-03-04T06:55:00Z,17.16,4596
2020-03-04T06:56:00Z,17.16,4590
2020-03-04T06:57:00Z,17.2,4580
2020-03-04T06:58:00Z,17.16,4590
2020-03-04T06:59:00Z,17.16,4590
2020-03-04T07:00:00Z,17.2,5335
2020-03-04T07:01:00Z,17.24,5317
2020-03-04T07:02:00Z,17.2,5309
2020-03-04T07:03:00Z,17.2,5345
2020-03-04T07:04:00Z,17.2,5281
2020-03-04T07:05:00Z,17.2,5340
2020-03-04T07:06:00Z,17.2,5338
2020-03-04T07:07:00Z,17.16,5350
2020-03-04T07:08:00Z,17.2,5356
2020-03-04T07:09:00Z,17.24,5348
2020-03-04T07:10:00Z,17.29,5299
2020-03-04T07:11:00Z,17.24,5312
2020-03-04T07:12:00Z,17.24,5320
2020-03-04T07:13:00Z,17.24,5366
2020-03-04T07:14:00Z,17.2,5356
2020-03-04T07:15:00Z,17.2,5320
2020-03-04T07:16:00Z,17.16,5327
2020-03-04T07:17:00Z,17.16,5258
2020-03-04T07:18:00Z,17.2,5361
2020-03-04T07:19:00Z,17.24,5317
2020-03-04T07:20:00Z,17.24,5330
2020-03-04T07:21:00Z,17.2,5330
2020-03-04T07:22:00Z,17.24,5335
2020-03-04T07:23:00Z,17.2,5327
2020-03-04T07:24:00Z,17.2,5338
2020-03-04T07:25:00Z,17.16,5307
2020-03-04T07:26:00Z,17.16,5317
2020-03-04T07:27:00Z,17.2,5320
2020-03-04T07:28:00Z,17.2,5309
2020-03-04T07:29:00Z,17.2,5320
2020-03-04T07:30:00Z,17.24,5330
2020-03-04T07:31:00Z,17.24,5327
2020-03-04T07:32:00Z,17.33,5358
2020-03-04T07:33:00Z,17.29,5312
2020-03-04T07:34:00Z,17.24,5274
2020-03-04T07:35:00Z,17.24,5322
2020-03-04T07:36:00Z,17.29,5345
2020-03-04T07:37:00Z,17.24,5345
2020-03-04T07:38:00Z,17.29,5340
2020-03-04T07:39:00Z,17.24,5356
2020-03-04T07:40:00Z,17.24,5356
2020-03-04T07:41:00Z,17.29,5327
2020-03-04T07:42:00Z,17.33,5312
2020-03-04T07:43:00Z,17.29,5358
2020-03-04T07:44:00Z,17.33,5358
2020-03-04T07:45:00Z,17.33,5361
2020-03-04T07:46:00Z,17.24,5312
2020-03-04T07:47:00Z,17.29,5340
2020-03-04T07:48:00Z,17.2,5327
2020-03-04T07:49:00Z,17.24,5271
2020-03-04T07:50:00Z,17.29,5322
2020-03-04T07:51:00Z,17.29,5366
2020-03-04T07:52:00Z,17.29,5404
2020-03-04T07:53:00Z,17.29,5356
2020-03-04T07:54:00Z,17.29,5394
2020-03-04T07:55:00Z,17.29,5317
2020-03-04T07:56:00Z,17.29,5327
2020-03-04T07:57:00Z,17.24,5345
2020-03-04T07:58:00Z,17.24,5358
2020-03-04T07:59:00Z,17.24,5327
2020-03-04T08:00:00Z,17.29,5335
2020-03-04T08:01:00Z,17.29,5957
2020-03-04T08:02:00Z,17.29,5970
2020-03-04T08:03:00Z,17.33,5985
2020-03-04T08:04:00Z,17.29,5990
2020-03-04T08:05:00Z,17.29,5873
2020-03-04T08:06:00Z,17.2,5916
2020-03-04T08:07:00Z,17.29,5947
2020-03-04T08:08:00Z,17.29,5967
2020-03-04T08:09:00Z,17.29,5942
2020-03-04T08:10:00Z,17.37,5975
2020-03-04T08:11:00Z,17.33,5967
2020-03-04T08:12:00Z,17.29,5947
2020-03-04T08:13:00Z,17.29,5926
2020-03-04T08:14:00Z,17.33,5957
2020-03-04T08:15:00Z,17.24,5965
2020-03-04T08:16:00Z,17.24,6054
2020-03-04T08:17:00Z,17.33,5975
2020-03-04T08:18:00Z,17.29,5926
2020-03-04T08:19:00Z,17.33,6047
2020-03-04T08:20:00Z,17.29,5937
2020-03-04T08:21:00Z,17.29,5955
2020-03-04T08:22:00Z,17.29,5970
2020-03-04T08:23:00Z,17.29,5932
2020-03-04T08:24:00Z,17.29,5926
2020-03-04T08:25:00Z,17.29,5893
2020-03-04T08:26:00Z,17.33,5960
2020-03-04T08:27:00Z,17.33,5932
2020-03-04T08:28:00Z,17.33,5939
2020-03-04T08:29:00Z,17.33,5937
2020-03-04T08:30:00Z,17.33,5980
2020-03-04T08:31:00Z,17.29,5942
2020-03-04T08:32:00Z,17.29,5970
2020-03-04T08:33:00Z,17.29,5878
2020-03-04T08:34:00Z,17.33,5967
2020-03-04T08:35:00Z,17.33,5860
2020-03-04T08:36:00Z,17.33,5919
2020-03-04T08:37:00Z,17.29,5911
2020-03-04T08:38:00Z,17.29,5926
2020-03-04T08:39:00Z,17.33,5942
2020-03-04T08:40:00Z,17.29,5937
2020-03-04T08:41:00Z,17.29,5957
2020-03-04T08:42:00Z,17.29,5947
2020-03-04T08:43:00Z,17.29,5942
2020-03-04T08:44:00Z,17.29,5939
2020-03-04T08:45:00Z,17.33,5970
2020-03-04T08:46:00Z,17.33,5893
2020-03-04T08:47:00Z,17.33,5937
2020-03-04T08:48:00Z,17.29,5970
2020-03-04T08:49:00Z,17.29,5906
2020-03-04T08:50:00Z,17.24,5955
2020-03-04T08:51:00Z,17.24,5937
2020-03-04T08:52:00Z,17.29,5926
2020-03-04T08:53:00Z,17.33,5901
2020-03-04T08:54:00Z,17.29,5957
2020-03-04T08:55:00Z,17.33,5921
2020-03-04T08:56:00Z,17.29,5955
2020-03-04T08:57:00Z,17.33,5939
2020-03-04T08:58:00Z,17.24,5937
2020-03-04T08:59:00Z,17.29,5929
2020-03-04T09:00:00Z,17.24,5852
2020-03-04T09:01:00Z,17.29,6705
2020-03-04T09:02:00Z,17.33,6705
2020-03-04T09:03:00Z,17.33,6653
2020-03-04T09:04:00Z,17.33,6712
2020-03-04T09:05:00Z,17.33,6671
2020-03-04T09:06:00Z,17.37,6664
2020-03-04T09:07:00Z,17.29,6674
2020-03-04T09:08:00Z,17.33,6661
2020-03-04T09:09:00Z,17.29,6638
2020-03-04T09:10:00Z,17.33,6643
2020-03-04T09:11:00Z,17.33,6623
2020-03-04T09:12:00Z,17.33,6607
2020-03-04T09:13:00Z,17.33,6636
2020-03-04T09:14:00Z,17.33,6636
2020-03-04T09:15:00Z,17.33,6643
2020-03-04T09:16:00Z,17.33,6628
2020-03-04T09:17:00Z,17.33,6646
2020-03-04T09:18:00Z,17.33,6671
2020-03-04T09:19:00Z,17.29,6653
2020-03-04T09:20:00Z,17.24,6671
2020-03-04T09:21:00Z,17.29,6625
2020-03-04T09:22:00Z,17.33,6646
2020-03-04T09:23:00Z,17.33,6661
2020-03-04T09:24:00Z,17.37,6625
2020-03-04T09:25:00Z,17.33,6623
2020-03-04T09:26:00Z,17.29,6682
2020-03-04T09:27:00Z,17.33,6697
2020-03-04T09:28:00Z,17.29,6666
2020-03-04T09:29:00Z,17.29,6684
2020-03-04T09:30:00Z,17.29,6664
2020-03-04T09:31:00Z,17.29,6710
2020-03-04T09:32:00Z,17.24,6682
2020-03-04T09:33:00Z,17.33,6697
2020-03-04T09:34:00Z,17.33,6671
2020-03-04T09:35:00Z,17.37,6656
2020-03-04T09:36:00Z,17.33,6705
2020-03-04T09:37:00Z,17.33,6623
2020-03-04T09:38:00Z,17.33,6712
2020-03-04T09:39:00Z,17.29,6838
2020-03-04T09:40:00Z,17.29,6710
2020-03-04T09:41:00Z,17.33,6697
2020-03-04T09:42:00Z,17.33,6694
2020-03-04T09:43:00Z,17.33,6746
2020-03-04T09:44:00Z,17.33,6661
2020-03-04T09:45:00Z,17.33,6715
2020-03-04T09:46:00Z,17.33,6697
2020-03-04T09:47:00Z,17.33,6684
2020-03-04T09:48:00Z,17.33,6656
2020-03-04T09:49:00Z,17.33,6725
2020-03-04T09:50:00Z,17.29,6687
2020-03-04T09:51:00Z,17.29,6653
2020-03-04T09:52:00Z,17.29,6705
2020-03-04T09:53:00Z,17.33,6697
2020-03-04T09:54:00Z,17.33,6697
2020-03-04T09:55:00Z,17.37,6682
2020-03-04T09:56:00Z,17.37,6664
2020-03-04T09:57:00Z,17.33,6666
2020-03-04T09:58:00Z,17.33,6682
2020-03-04T09:59:00Z,17.37,6671
2020-03-04T10:00:00Z,17.33,6666
2020-03-04T10:01:00Z,17.29,6868
2020-03-04T10:02:00Z,17.29,6973
2020-03-04T10:03:00Z,17.33,6884
2020-03-04T10:04:00Z,17.29,6810
2020-03-04T10:05:00Z,17.37,6858
2020-03-04T10:06:00Z,17.37,6886
2020-03-04T10:07:00Z,17.33,6915
2020-03-04T10:08:00Z,17.29,6889
2020-03-04T10:09:00Z,17.33,6879
2020-03-04T10:10:00Z,17.37,6897
2020-03-04T10:11:00Z,17.33,6858
2020-03-04T10:12:00Z,17.29,6886
2020-03-04T10:13:00Z,17.33,6879
2020-03-04T10:14:00Z,17.33,6884
2020-03-04T10:15:00Z,17.33,6871
2020-03-04T10:16:00Z,17.37,6807
2020-03-04T10:17:00Z,17.33,6858
2020-03-04T10:18:00Z,17.29,6848
2020-03-04T10:19:00Z,17.33,6848
2020-03-04T10:20:00Z,17.33,6871
2020-03-04T10:21:00Z,17.33,6822
2020-03-04T10:22:00Z,17.29,6812
2020-03-04T10:23:00Z,17.33,6886
2020-03-04T10:24:00Z,17.37,6866
2020-03-04T10:25:00Z,17.33,6871
2020-03-04T10:26:00Z,17.33,6871
2020-03-04T10:27:00Z,17.33,6833
2020-03-04T10:28:00Z,17.33,6840
2020-03-04T10:29:00Z,17.29,6828
2020-03-04T10:30:00Z,17.29,6884
2020-03-04T10:31:00Z,17.29,6866
2020-03-04T10:32:00Z,17.29,6820
2020-03-04T10:33:00Z,17.33,6868
2020-03-04T10:34:00Z,17.33,6851
2020-03-04T10:35:00Z,17.37,6856
2020-03-04T10:36:00Z,17.33,6828
2020-03-04T10:37:00Z,17.33,6838
2020-03-04T10:38:00Z,17.29,6802
2020-03-04T10:39:00Z,17.33,6838
2020-03-04T10:40:00Z,17.33,6861
2020-03-04T10:41:00Z,17.29,6802
2020-03-04T10:42:00Z,17.33,6907
2020-03-04T10:43:00Z,17.37,6868
2020-03-04T10:44:00Z,17.33,6956
2020-03-04T10:45:00Z,17.33,6871
2020-03-04T10:46:00Z,17.33,6822
2020-03-04T10:47:00Z,17.29,6858
2020-03-04T10:48:00Z,17.33,6840
2020-03-04T10:49:00Z,17.33,6838
2020-03-04T10:50:00Z,17.33,6817
2020-03-04T10:51:00Z,17.37,6838
2020-03-04T10:52:00Z,17.37,6781
2020-03-04T10:53:00Z,17.37,6886
2020-03-04T10:54:00Z,17.33,6838
2020-03-04T10:55:00Z,17.33,6845
2020-03-04T10:56:00Z,17.33,6884
2020-03-04T10:57:00Z,17.29,6886
2020-03-04T10:58:00Z,17.29,6851
2020-03-04T10:59:00Z,17.33,6771
2020-03-04T11:00:00Z,17.33,6799
2020-03-04T11:01:00Z,17.37,6810
2020-03-04T11:02:00Z,17.33,6746
2020-03-04T11:03:00Z,17.29,6909
2020-03-04T11:04:00Z,17.29,6927
2020-03-04T11:05:00Z,17.33,6953
2020-03-04T11:06:00Z,17.24,6917
2020-03-04T11:07:00Z,17.33,7007
2020-03-04T11:08:00Z,17.29,6907
2020-03-04T11:09:00Z,17.37,6958
2020-03-04T11:10:00Z,17.33,6973
2020-03-04T11:11:00Z,17.33,6943
2020-03-04T11:12:00Z,17.33,7014
2020-03-04T11:13:00Z,17.33,6920
2020-03-04T11:14:00Z,17.33,6915
2020-03-04T11:15:00Z,17.33,6932
2020-03-04T11:16:00Z,17.33,6986
2020-03-04T11:17:00Z,17.33,6945
2020-03-04T11:18:00Z,17.33,6920
2020-03-04T11:19:00Z,17.33,6981
2020-03-04T11:20:00Z,17.33,6917
2020-03-04T11:21:00Z,17.37,7002
2020-03-04T11:22:00Z,17.33,6973
2020-03-04T11:23:00Z,17.37,6986
2020-03-04T11:24:00Z,17.33,6884
2020-03-04T11:25:00Z,17.33,6920
2020-03-04T11:26:00Z,17.33,6932
2020-03-04T11:27:00Z,17.33,6938
2020-03-04T11:28:00Z,17.37,6838
2020-03-04T11:29:00Z,17.33,6904
2020-03-04T11:30:00Z,17.37,6966
2020-03-04T11:31:00Z,17.33,6945
2020-03-04T11:32:00Z,17.29,6973
2020-03-04T11:33:00Z,17.29,6909
2020-03-04T11:34:00Z,17.29,6907
2020-03-04T11:35:00Z,17.29,6894
2020-03-04T11:36:00Z,17.33,6915
2020-03-04T11:37:00Z,17.37,6994
2020-03-04T11:38:00Z,17.29,6958
2020-03-04T11:39:00Z,17.37,6932
2020-03-04T11:40:00Z,17.33,6973
2020-03-04T11:41:00Z,17.33,6915
2020-03-04T11:42:00Z,17.33,6871
2020-03-04T11:43:00Z,17.33,6973
2020-03-04T11:44:00Z,17.33,6953
2020-03-04T11:45:00Z,17.29,6943
2020-03-04T11:46:00Z,17.29,6956
2020-03-04T11:47:00Z,17.29,7022
2020-03-04T11:48:00Z,17.33,6981
2020-03-04T11:49:00Z,17.33,6861
2020-03-04T11:50:00Z,17.33,6966
2020-03-04T11:51:00Z,17.33,7022
2020-03-04T11:52:00Z,17.33,6943
2020-03-04T11:53:00Z,17.33,6886
2020-03-04T11:54:00Z,17.29,6948
2020-03-04T11:55:00Z,17.37,6958
2020-03-04T11:56:00Z,17.33,6848
2020-03-04T11:57:00Z,17.33,6973
2020-03-04T11:58:00Z,17.37,6915
2020-03-04T11:59:00Z,17.37,6879
2020-03-04T12:00:00Z,17.33,6868
2020-03-04T12:01:00Z,17.29,6945
2020-03-04T12:02:00Z,17.33,6966
2020-03-04T12:03:00Z,17.33,6973
2020-03-04T12:04:00Z,17.33,7099
2020-03-04T12:05:00Z,17.33,7014
2020-03-04T12:06:00Z,17.37,6884
2020-03-04T12:07:00Z,17.33,6925
2020-03-04T12:08:00Z,17.37,7007
2020-03-04T12:09:00Z,17.33,6966
2020-03-04T12:10:00Z,17.33,6986
2020-03-04T12:11:00Z,17.33,6907
2020-03-04T12:12:00Z,17.29,6932
2020-03-04T12:13:00Z,17.33,7002
2020-03-04T12:14:00Z,17.29,6932
2020-03-04T12:15:00Z,17.29,6915
2020-03-04T12:16:00Z,17.24,6925
2020-03-04T12:17:00Z,17.24,6981
2020-03-04T12:18:00Z,17.24,6917
2020-03-04T12:19:00Z,17.2,6915
2020-03-04T12:20:00Z,17.29,6986
2020-03-04T12:21:00Z,17.24,6894
2020-03-04T12:22:00Z,17.24,7078
2020-03-04T12:23:00Z,17.24,6909
2020-03-04T12:24:00Z,17.29,6932
2020-03-04T12:25:00Z,17.24,6927
2020-03-04T12:26:00Z,17.29,6994
2020-03-04T12:27:00Z,17.24,7007
2020-03-04T12:28:00Z,17.24,6973
2020-03-04T12:29:00Z,17.24,7035
2020-03-04T12:30:00Z,17.24,6943
2020-03-04T12:31:00Z,17.24,6986
2020-03-04T12:32:00Z,17.24,6925
2020-03-04T12:33:00Z,17.24,6953
2020-03-04T12:34:00Z,17.29,6994
2020-03-04T12:35:00Z,17.29,6917
2020-03-04T12:36:00Z,17.24,7043
2020-03-04T12:37:00Z,17.29,7002
2020-03-04T12:38:00Z,17.2,6932
2020-03-04T12:39:00Z,17.24,6981
2020-03-04T12:40:00Z,17.24,6935
2020-03-04T12:41:00Z,17.24,6886
2020-03-04T12:42:00Z,17.29,7030
2020-03-04T12:43:00Z,17.29,6943
2020-03-04T12:44:00Z,17.29,6971
2020-03-04T12:45:00Z,17.29,6986
2020-03-04T12:46:00Z,17.29,6958
2020-03-04T12:47:00Z,17.29,7007
2020-03-04T12:48:00Z,17.24,6973
2020-03-04T12:49:00Z,17.24,6917
2020-03-04T12:50:00Z,17.2,6953
2020-03-04T12:51:00Z,17.24,6966
2020-03-04T12:52:00Z,17.24,6935
2020-03-04T12:53:00Z,17.29,7007
2020-03-04T12:54:00Z,17.29,6884
2020-03-04T12:55:00Z,17.29,6973
2020-03-04T12:56:00Z,17.24,6994
2020-03-04T12:57:00Z,17.29,6981
2020-03-04T12:58:00Z,17.29,6986
2020-03-04T12:59:00Z,17.24,6986
2020-03-04T13:00:00Z,17.29,6868
2020-03-04T13:01:00Z,17.2,6405
2020-03-04T13:02:00Z,17.2,6451
2020-03-04T13:03:00Z,17.2,6400
2020-03-04T13:04:00Z,17.24,6415
2020-03-04T13:05:00Z,17.29,6451
2020-03-04T13:06:00Z,17.29,6413
2020-03-04T13:07:00Z,17.29,6395
2020-03-04T13:08:00Z,17.24,6420
2020-03-04T13:09:00Z,17.24,6377
2020-03-04T13:10:00Z,17.29,6382
2020-03-04T13:11:00Z,17.24,6295
2020-03-04T13:12:00Z,17.24,6423
2020-03-04T13:13:00Z,17.2,6403
2020-03-04T13:14:00Z,17.24,6400
2020-03-04T13:15:00Z,17.24,6423
2020-03-04T13:16:00Z,17.24,6444
2020-03-04T13:17:00Z,17.29,6410
2020-03-04T13:18:00Z,17.24,6367
2020-03-04T13:19:00Z,17.24,6444
2020-03-04T13:20:00Z,17.24,6400
2020-03-04T13:21:00Z,17.2,6403
2020-03-04T13:22:00Z,17.2,6385
2020-03-04T13:23:00Z,17.24,6423
2020-03-04T13:24:00Z,17.29,6405
2020-03-04T13:25:00Z,17.24,6385
2020-03-04T13:26:00Z,17.33,6387
2020-03-04T13:27:00Z,17.29,6377
2020-03-04T13:28:00Z,17.33,6431
2020-03-04T13:29:00Z,17.33,6372
2020-03-04T13:30:00Z,17.33,6382
2020-03-04T13:31:00Z,17.33,6395
2020-03-04T13:32:00Z,17.33,6392
2020-03-04T13:33:00Z,17.33,6400
2020-03-04T13:34:00Z,17.29,6387
2020-03-04T13:35:00Z,17.29,6426
2020-03-04T13:36:00Z,17.29,6426
2020-03-04T13:37:00Z,17.29,6400
2020-03-04T13:38:00Z,17.37,6415
2020-03-04T13:39:00Z,17.29,6392
2020-03-04T13:40:00Z,17.33,6444
2020-03-04T13:41:00Z,17.33,6392
2020-03-04T13:42:00Z,17.29,6367
2020-03-04T13:43:00Z,17.33,6423
2020-03-04T13:44:00Z,17.29,6356
2020-03-04T13:45:00Z,17.29,6405
2020-03-04T13:46:00Z,17.33,6400
2020-03-04T13:47:00Z,17.29,6285
2020-03-04T13:48:00Z,17.37,6403
2020-03-04T13:49:00Z,17.33,6403
2020-03-04T13:50:00Z,17.33,6395
2020-03-04T13:51:00Z,17.33,6372
2020-03-04T13:52:00Z,17.33,6339
2020-03-04T13:53:00Z,17.33,6372
2020-03-04T13:54:00Z,17.29,6513
2020-03-04T13:55:00Z,17.33,6372
2020-03-04T13:56:00Z,17.29,6362
2020-03-04T13:57:00Z,17.29,6367
2020-03-04T13:58:00Z,17.33,6344
2020-03-04T13:59:00Z,17.33,6382
2020-03-04T14:00:00Z,17.33,5647
2020-03-04T14:01:00Z,17.33,5714
2020-03-04T14:02:00Z,17.33,5425
2020-03-04T14:03:00Z,17.29,5699
2020-03-04T14:04:00Z,17.33,5693
2020-03-04T14:05:00Z,17.24,5747
2020-03-04T14:06:00Z,17.29,5688
2020-03-04T14:07:00Z,17.33,5571
2020-03-04T14:08:00Z,17.29,5676
2020-03-04T14:09:00Z,17.33,5665
2020-03-04T14:10:00Z,17.33,5734
2020-03-04T14:11:00Z,17.33,5688
2020-03-04T14:12:00Z,17.29,5665
2020-03-04T14:13:00Z,17.29,5622
2020-03-04T14:14:00Z,17.29,5786
2020-03-04T14:15:00Z,17.29,5619
2020-03-04T14:16:00Z,17.29,5716
2020-03-04T14:17:00Z,17.24,5693
2020-03-04T14:18:00Z,17.33,5660
2020-03-04T14:19:00Z,17.33,5678
2020-03-04T14:20:00Z,17.33,5747
2020-03-04T14:21:00Z,17.29,5683
2020-03-04T14:22:00Z,17.33,5704
2020-03-04T14:23:00Z,17.29,5734
2020-03-04T14:24:00Z,17.29,5658
2020-03-04T14:25:00Z,17.29,5714
2020-03-04T14:26:00Z,17.29,5686
2020-03-04T14:27:00Z,17.29,5706
2020-03-04T14:28:00Z,17.33,5686
2020-03-04T14:29:00Z,17.33,5683
2020-03-04T14:30:00Z,17.37,5724
2020-03-04T14:31:00Z,17.33,5683
2020-03-04T14:32:00Z,17.33,5683
2020-03-04T14:33:00Z,17.29,5665
2020-03-04T14:34:00Z,17.29,5683
2020-03-04T14:35:00Z,17.29,5670
2020-03-04T14:36:00Z,17.29,5706
2020-03-04T14:37:00Z,17.29,5683
2020-03-04T14:38:00Z,17.29,5683
2020-03-04T14:39:00Z,17.29,5714
2020-03-04T14:40:00Z,17.33,5650
2020-03-04T14:41:00Z,17.29,5768
2020-03-04T14:42:00Z,17.29,5665
2020-03-04T14:43:00Z,17.24,5699
2020-03-04T14:44:00Z,17.24,5668
2020-03-04T14:45:00Z,17.24,5686
2020-03-04T14:46:00Z,17.24,5696
2020-03-04T14:47:00Z,17.24,5676
2020-03-04T14:48:00Z,17.29,5686
2020-03-04T14:49:00Z,17.33,5693
2020-03-04T14:50:00Z,17.33,5668
2020-03-04T14:51:00Z,17.33,5683
2020-03-04T14:52:00Z,17.29,5676
2020-03-04T14:53:00Z,17.29,5629
2020-03-04T14:54:00Z,17.24,5724
2020-03-04T14:55:00Z,17.29,5629
2020-03-04T14:56:00Z,17.29,5650
2020-03-04T14:57:00Z,17.29,5742
2020-03-04T14:58:00Z,17.29,5668
2020-03-04T14:59:00Z,17.29,5768
2020-03-04T15:00:00Z,17.33,5668
2020-03-04T15:01:00Z,17.29,4938
2020-03-04T15:02:00Z,17.29,4931
2020-03-04T15:03:00Z,17.24,4977
2020-03-04T15:04:00Z,17.24,4914
2020-03-04T15:05:00Z,17.24,4931
2020-03-04T15:06:00Z,17.24,4948
2020-03-04T15:07:00Z,17.24,4945
2020-03-04T15:08:00Z,17.29,4938
2020-03-04T15:09:00Z,17.29,4916
2020-03-04T15:10:00Z,17.29,4928
2020-03-04T15:11:00Z,17.29,4948
2020-03-04T15:12:00Z,17.29,4977
2020-03-04T15:13:00Z,17.24,4973
2020-03-04T15:14:00Z,17.2,4969
2020-03-04T15:15:00Z,17.2,4987
2020-03-04T15:16:00Z,17.29,4993
2020-03-04T15:17:00Z,17.29,4952
2020-03-04T15:18:00Z,17.29,4969
2020-03-04T15:19:00Z,17.29,4952
2020-03-04T15:20:00Z,17.24,4941
2020-03-04T15:21:00Z,17.24,4989
2020-03-04T15:22:00Z,17.24,4965
2020-03-04T15:23:00Z,17.29,4959
2020-03-04T15:24:00Z,17.24,5056
2020-03-04T15:25:00Z,17.29,4997
2020-03-04T15:26:00Z,17.33,4983
2020-03-04T15:27:00Z,17.29,4979
2020-03-04T15:28:00Z,17.33,4945
2020-03-04T15:29:00Z,17.29,5021
2020-03-04T15:30:00Z,17.29,4959
2020-03-04T15:31:00Z,17.29,4989
2020-03-04T15:32:00Z,17.24,5004
2020-03-04T15:33:00Z,17.24,4973
2020-03-04T15:34:00Z,17.29,5011
2020-03-04T15:35:00Z,17.24,5014
2020-03-04T15:36:00Z,17.24,5007
2020-03-04T15:37:00Z,17.29,4987
2020-03-04T15:38:00Z,17.29,4993
2020-03-04T15:39:00Z,17.29,4955
2020-03-04T15:40:00Z,17.33,5001
2020-03-04T15:41:00Z,17.29,4865
2020-03-04T15:42:00Z,17.29,4952
2020-03-04T15:43:00Z,17.24,4987
2020-03-04T15:44:00Z,17.24,5007
2020-03-04T15:45:00Z,17.29,4973
2020-03-04T15:46:00Z,17.29,5001
2020-03-04T15:47:00Z,17.29,4931
2020-03-04T15:48:00Z,17.29,4959
2020-03-04T15:49:00Z,17.29,5004
2020-03-04T15:50:00Z,17.33,4973
